sku,baseline,period,actual,pred,abs_err,pct_err,is_zero_actual,error_signed
CPG-030-T007A,B1_LastMonth,2026-01,12000.0,12040.0,40.0,0.33333333333333337,False,40.0
CPG-030-T007A,B1_LastMonth,2026-02,12000.0,12040.0,40.0,0.33333333333333337,False,40.0
CPG-030-T007A,B1_LastMonth,2026-03,0.0,12040.0,12040.0,1204000.0,True,12040.0
CPG-030-T007A,B2_MA3,2026-01,12000.0,6013.333333333333,5986.666666666667,49.88888888888889,False,-5986.666666666667
CPG-030-T007A,B2_MA3,2026-02,12000.0,6013.333333333333,5986.666666666667,49.88888888888889,False,-5986.666666666667
CPG-030-T007A,B2_MA3,2026-03,0.0,6013.333333333333,6013.333333333333,601333.3333333333,True,6013.333333333333
CPG-030-T007A,B3_SeasonalNaive,2026-01,12000.0,6000.0,6000.0,50.0,False,-6000.0
CPG-030-T007A,B3_SeasonalNaive,2026-02,12000.0,4000.0,8000.0,66.66666666666666,False,-8000.0
CPG-030-T007A,B3_SeasonalNaive,2026-03,0.0,4000.0,4000.0,400000.0,True,4000.0
CPG-030-T007A,B4_MA6,2026-01,12000.0,8006.666666666667,3993.333333333333,33.27777777777777,False,-3993.333333333333
CPG-030-T007A,B4_MA6,2026-02,12000.0,8006.666666666667,3993.333333333333,33.27777777777777,False,-3993.333333333333
CPG-030-T007A,B4_MA6,2026-03,0.0,8006.666666666667,8006.666666666667,800666.6666666667,True,8006.666666666667
CPG-030-T007B,B1_LastMonth,2026-01,6000.0,6020.0,20.0,0.33333333333333337,False,20.0
CPG-030-T007B,B1_LastMonth,2026-02,6000.0,6020.0,20.0,0.33333333333333337,False,20.0
CPG-030-T007B,B1_LastMonth,2026-03,0.0,6020.0,6020.0,602000.0,True,6020.0
CPG-030-T007B,B2_MA3,2026-01,6000.0,3006.6666666666665,2993.3333333333335,49.88888888888889,False,-2993.3333333333335
CPG-030-T007B,B2_MA3,2026-02,6000.0,3006.6666666666665,2993.3333333333335,49.88888888888889,False,-2993.3333333333335
CPG-030-T007B,B2_MA3,2026-03,0.0,3006.6666666666665,3006.6666666666665,300666.6666666666,True,3006.6666666666665
CPG-030-T007B,B3_SeasonalNaive,2026-01,6000.0,3000.0,3000.0,50.0,False,-3000.0
CPG-030-T007B,B3_SeasonalNaive,2026-02,6000.0,2000.0,4000.0,66.66666666666666,False,-4000.0
CPG-030-T007B,B3_SeasonalNaive,2026-03,0.0,2000.0,2000.0,200000.0,True,2000.0
CPG-030-T007B,B4_MA6,2026-01,6000.0,4003.3333333333335,1996.6666666666665,33.27777777777777,False,-1996.6666666666665
CPG-030-T007B,B4_MA6,2026-02,6000.0,4003.3333333333335,1996.6666666666665,33.27777777777777,False,-1996.6666666666665
CPG-030-T007B,B4_MA6,2026-03,0.0,4003.3333333333335,4003.3333333333335,400333.3333333334,True,4003.3333333333335
BXR-13-20-A-22,B1_LastMonth,2026-01,0.0,0.0,0.0,0.0,True,0.0
BXR-13-20-A-22,B1_LastMonth,2026-02,0.0,0.0,0.0,0.0,True,0.0
BXR-13-20-A-22,B1_LastMonth,2026-03,0.0,0.0,0.0,0.0,True,0.0
BXR-13-20-A-22,B2_MA3,2026-01,0.0,2610.0,2610.0,261000.0,True,2610.0
BXR-13-20-A-22,B2_MA3,2026-02,0.0,2610.0,2610.0,261000.0,True,2610.0
BXR-13-20-A-22,B2_MA3,2026-03,0.0,2610.0,2610.0,261000.0,True,2610.0
BXR-13-20-A-22,B3_SeasonalNaive,2026-01,0.0,2160.0,2160.0,216000.0,True,2160.0
BXR-13-20-A-22,B3_SeasonalNaive,2026-02,0.0,3240.0,3240.0,324000.0,True,3240.0
BXR-13-20-A-22,B3_SeasonalNaive,2026-03,0.0,3240.0,3240.0,324000.0,True,3240.0
BXR-13-20-A-22,B4_MA6,2026-01,0.0,2970.0,2970.0,297000.0,True,2970.0
BXR-13-20-A-22,B4_MA6,2026-02,0.0,2970.0,2970.0,297000.0,True,2970.0
BXR-13-20-A-22,B4_MA6,2026-03,0.0,2970.0,2970.0,297000.0,True,2970.0
SFC-030SA2-10B-14B,B1_LastMonth,2026-01,1150.0,1713.0,563.0,48.95652173913044,False,563.0
SFC-030SA2-10B-14B,B1_LastMonth,2026-02,1754.0,1713.0,41.0,2.33751425313569,False,-41.0
SFC-030SA2-10B-14B,B1_LastMonth,2026-03,601.0,1713.0,1112.0,185.0249584026622,False,1112.0
SFC-030SA2-10B-14B,B2_MA3,2026-01,1150.0,1207.6666666666667,57.66666666666674,5.014492753623195,False,57.66666666666674
SFC-030SA2-10B-14B,B2_MA3,2026-02,1754.0,1207.6666666666667,546.3333333333333,31.147852527556058,False,-546.3333333333333
SFC-030SA2-10B-14B,B2_MA3,2026-03,601.0,1207.6666666666667,606.6666666666667,100.94287298946203,False,606.6666666666667
SFC-030SA2-10B-14B,B3_SeasonalNaive,2026-01,1150.0,2403.0,1253.0,108.95652173913044,False,1253.0
SFC-030SA2-10B-14B,B3_SeasonalNaive,2026-02,1754.0,964.0,790.0,45.03990877993159,False,-790.0
SFC-030SA2-10B-14B,B3_SeasonalNaive,2026-03,601.0,14.0,587.0,97.67054908485858,False,-587.0
SFC-030SA2-10B-14B,B4_MA6,2026-01,1150.0,1009.5,140.5,12.217391304347826,False,-140.5
SFC-030SA2-10B-14B,B4_MA6,2026-02,1754.0,1009.5,744.5,42.445838084378565,False,-744.5
SFC-030SA2-10B-14B,B4_MA6,2026-03,601.0,1009.5,408.5,67.97004991680532,False,408.5
ALS-030ARN-10BHA-14BHA,B1_LastMonth,2026-01,1717.0,326.0,1391.0,81.01339545719279,False,-1391.0
ALS-030ARN-10BHA-14BHA,B1_LastMonth,2026-02,1427.0,326.0,1101.0,77.15487035739314,False,-1101.0
ALS-030ARN-10BHA-14BHA,B1_LastMonth,2026-03,636.0,326.0,310.0,48.742138364779876,False,-310.0
ALS-030ARN-10BHA-14BHA,B2_MA3,2026-01,1717.0,1157.6666666666667,559.3333333333333,32.57619879635022,False,-559.3333333333333
ALS-030ARN-10BHA-14BHA,B2_MA3,2026-02,1427.0,1157.6666666666667,269.33333333333326,18.87409483765475,False,-269.33333333333326
ALS-030ARN-10BHA-14BHA,B2_MA3,2026-03,636.0,1157.6666666666667,521.6666666666667,82.02306079664572,False,521.6666666666667
ALS-030ARN-10BHA-14BHA,B3_SeasonalNaive,2026-01,1717.0,1120.0,597.0,34.769947582993595,False,-597.0
ALS-030ARN-10BHA-14BHA,B3_SeasonalNaive,2026-02,1427.0,4288.0,2861.0,200.4905395935529,False,2861.0
ALS-030ARN-10BHA-14BHA,B3_SeasonalNaive,2026-03,636.0,2138.0,1502.0,236.16352201257862,False,1502.0
ALS-030ARN-10BHA-14BHA,B4_MA6,2026-01,1717.0,918.6666666666666,798.3333333333334,46.495826053193554,False,-798.3333333333334
ALS-030ARN-10BHA-14BHA,B4_MA6,2026-02,1427.0,918.6666666666666,508.33333333333337,35.62251810324691,False,-508.33333333333337
ALS-030ARN-10BHA-14BHA,B4_MA6,2026-03,636.0,918.6666666666666,282.66666666666663,44.444444444444436,False,282.66666666666663
ANTI-NOISE SPRING:XS-08-10-A-20,B1_LastMonth,2026-01,0.0,0.0,0.0,0.0,True,0.0
ANTI-NOISE SPRING:XS-08-10-A-20,B1_LastMonth,2026-02,0.0,0.0,0.0,0.0,True,0.0
ANTI-NOISE SPRING:XS-08-10-A-20,B1_LastMonth,2026-03,0.0,0.0,0.0,0.0,True,0.0
ANTI-NOISE SPRING:XS-08-10-A-20,B2_MA3,2026-01,0.0,2000.0,2000.0,200000.0,True,2000.0
ANTI-NOISE SPRING:XS-08-10-A-20,B2_MA3,2026-02,0.0,2000.0,2000.0,200000.0,True,2000.0
ANTI-NOISE SPRING:XS-08-10-A-20,B2_MA3,2026-03,0.0,2000.0,2000.0,200000.0,True,2000.0
ANTI-NOISE SPRING:XS-08-10-A-20,B3_SeasonalNaive,2026-01,0.0,0.0,0.0,0.0,True,0.0
ANTI-NOISE SPRING:XS-08-10-A-20,B3_SeasonalNaive,2026-02,0.0,0.0,0.0,0.0,True,0.0
ANTI-NOISE SPRING:XS-08-10-A-20,B3_SeasonalNaive,2026-03,0.0,3000.0,3000.0,300000.0,True,3000.0
ANTI-NOISE SPRING:XS-08-10-A-20,B4_MA6,2026-01,0.0,1500.0,1500.0,150000.0,True,1500.0
ANTI-NOISE SPRING:XS-08-10-A-20,B4_MA6,2026-02,0.0,1500.0,1500.0,150000.0,True,1500.0
ANTI-NOISE SPRING:XS-08-10-A-20,B4_MA6,2026-03,0.0,1500.0,1500.0,150000.0,True,1500.0
BXR-09-20-A-22,B1_LastMonth,2026-01,0.0,0.0,0.0,0.0,True,0.0
BXR-09-20-A-22,B1_LastMonth,2026-02,0.0,0.0,0.0,0.0,True,0.0
BXR-09-20-A-22,B1_LastMonth,2026-03,0.0,0.0,0.0,0.0,True,0.0
BXR-09-20-A-22,B2_MA3,2026-01,0.0,1260.0,1260.0,126000.0,True,1260.0
BXR-09-20-A-22,B2_MA3,2026-02,0.0,1260.0,1260.0,126000.0,True,1260.0
BXR-09-20-A-22,B2_MA3,2026-03,0.0,1260.0,1260.0,126000.0,True,1260.0
BXR-09-20-A-22,B3_SeasonalNaive,2026-01,0.0,0.0,0.0,0.0,True,0.0
BXR-09-20-A-22,B3_SeasonalNaive,2026-02,0.0,1080.0,1080.0,108000.0,True,1080.0
BXR-09-20-A-22,B3_SeasonalNaive,2026-03,0.0,1080.0,1080.0,108000.0,True,1080.0
BXR-09-20-A-22,B4_MA6,2026-01,0.0,1440.0,1440.0,144000.0,True,1440.0
BXR-09-20-A-22,B4_MA6,2026-02,0.0,1440.0,1440.0,144000.0,True,1440.0
BXR-09-20-A-22,B4_MA6,2026-03,0.0,1440.0,1440.0,144000.0,True,1440.0
CPG-030-T001A,B1_LastMonth,2026-01,0.0,6000.0,6000.0,600000.0,True,6000.0
CPG-030-T001A,B1_LastMonth,2026-02,6000.0,6000.0,0.0,0.0,False,0.0
CPG-030-T001A,B1_LastMonth,2026-03,0.0,6000.0,6000.0,600000.0,True,6000.0
CPG-030-T001A,B2_MA3,2026-01,0.0,2000.0,2000.0,200000.0,True,2000.0
CPG-030-T001A,B2_MA3,2026-02,6000.0,2000.0,4000.0,66.66666666666666,False,-4000.0
CPG-030-T001A,B2_MA3,2026-03,0.0,2000.0,2000.0,200000.0,True,2000.0
CPG-030-T001A,B3_SeasonalNaive,2026-01,0.0,0.0,0.0,0.0,True,0.0
CPG-030-T001A,B3_SeasonalNaive,2026-02,6000.0,0.0,6000.0,100.0,False,-6000.0
CPG-030-T001A,B3_SeasonalNaive,2026-03,0.0,2000.0,2000.0,200000.0,True,2000.0
CPG-030-T001A,B4_MA6,2026-01,0.0,1000.0,1000.0,100000.0,True,1000.0
CPG-030-T001A,B4_MA6,2026-02,6000.0,1000.0,5000.0,83.33333333333334,False,-5000.0
CPG-030-T001A,B4_MA6,2026-03,0.0,1000.0,1000.0,100000.0,True,1000.0
SFC-020SA2-7B-8B,B1_LastMonth,2026-01,514.0,2014.0,1500.0,291.828793774319,False,1500.0
SFC-020SA2-7B-8B,B1_LastMonth,2026-02,393.0,2014.0,1621.0,412.46819338422387,False,1621.0
SFC-020SA2-7B-8B,B1_LastMonth,2026-03,900.0,2014.0,1114.0,123.77777777777779,False,1114.0
SFC-020SA2-7B-8B,B2_MA3,2026-01,514.0,1271.3333333333333,757.3333333333333,147.34111543450064,False,757.3333333333333
SFC-020SA2-7B-8B,B2_MA3,2026-02,393.0,1271.3333333333333,878.3333333333333,223.49448685326547,False,878.3333333333333
SFC-020SA2-7B-8B,B2_MA3,2026-03,900.0,1271.3333333333333,371.33333333333326,41.25925925925925,False,371.33333333333326
SFC-020SA2-7B-8B,B3_SeasonalNaive,2026-01,514.0,55.0,459.0,89.29961089494164,False,-459.0
SFC-020SA2-7B-8B,B3_SeasonalNaive,2026-02,393.0,674.0,281.0,71.50127226463104,False,281.0
SFC-020SA2-7B-8B,B3_SeasonalNaive,2026-03,900.0,1500.0,600.0,66.66666666666666,False,600.0
SFC-020SA2-7B-8B,B4_MA6,2026-01,514.0,940.8333333333334,426.83333333333337,83.04150453955901,False,426.83333333333337
SFC-020SA2-7B-8B,B4_MA6,2026-02,393.0,940.8333333333334,547.8333333333334,139.3977947413062,False,547.8333333333334
SFC-020SA2-7B-8B,B4_MA6,2026-03,900.0,940.8333333333334,40.83333333333337,4.537037037037042,False,40.83333333333337
BXH-08-10-A-60,B1_LastMonth,2026-01,1320.0,990.0,330.0,25.0,False,-330.0
BXH-08-10-A-60,B1_LastMonth,2026-02,660.0,990.0,330.0,50.0,False,330.0
BXH-08-10-A-60,B1_LastMonth,2026-03,990.0,990.0,0.0,0.0,False,0.0
BXH-08-10-A-60,B2_MA3,2026-01,1320.0,770.0,550.0,41.66666666666667,False,-550.0
BXH-08-10-A-60,B2_MA3,2026-02,660.0,770.0,110.0,16.666666666666664,False,110.0
BXH-08-10-A-60,B2_MA3,2026-03,990.0,770.0,220.0,22.22222222222222,False,-220.0
BXH-08-10-A-60,B3_SeasonalNaive,2026-01,1320.0,330.0,990.0,75.0,False,-990.0
BXH-08-10-A-60,B3_SeasonalNaive,2026-02,660.0,330.0,330.0,50.0,False,-330.0
BXH-08-10-A-60,B3_SeasonalNaive,2026-03,990.0,330.0,660.0,66.66666666666666,False,-660.0
BXH-08-10-A-60,B4_MA6,2026-01,1320.0,715.0,605.0,45.83333333333333,False,-605.0
BXH-08-10-A-60,B4_MA6,2026-02,660.0,715.0,55.0,8.333333333333332,False,55.0
BXH-08-10-A-60,B4_MA6,2026-03,990.0,715.0,275.0,27.77777777777778,False,-275.0
BXH-08-10-A-78G,B1_LastMonth,2026-01,600.0,600.0,0.0,0.0,False,0.0
BXH-08-10-A-78G,B1_LastMonth,2026-02,0.0,600.0,600.0,60000.0,True,600.0
BXH-08-10-A-78G,B1_LastMonth,2026-03,0.0,600.0,600.0,60000.0,True,600.0
BXH-08-10-A-78G,B2_MA3,2026-01,600.0,600.0,0.0,0.0,False,0.0
BXH-08-10-A-78G,B2_MA3,2026-02,0.0,600.0,600.0,60000.0,True,600.0
BXH-08-10-A-78G,B2_MA3,2026-03,0.0,600.0,600.0,60000.0,True,600.0
BXH-08-10-A-78G,B3_SeasonalNaive,2026-01,600.0,600.0,0.0,0.0,False,0.0
BXH-08-10-A-78G,B3_SeasonalNaive,2026-02,0.0,600.0,600.0,60000.0,True,600.0
BXH-08-10-A-78G,B3_SeasonalNaive,2026-03,0.0,600.0,600.0,60000.0,True,600.0
BXH-08-10-A-78G,B4_MA6,2026-01,600.0,900.0,300.0,50.0,False,300.0
BXH-08-10-A-78G,B4_MA6,2026-02,0.0,900.0,900.0,90000.0,True,900.0
BXH-08-10-A-78G,B4_MA6,2026-03,0.0,900.0,900.0,90000.0,True,900.0
E-CF-H-050,B1_LastMonth,2026-01,384.0,0.0,384.0,100.0,False,-384.0
E-CF-H-050,B1_LastMonth,2026-02,768.0,0.0,768.0,100.0,False,-768.0
E-CF-H-050,B1_LastMonth,2026-03,384.0,0.0,384.0,100.0,False,-384.0
E-CF-H-050,B2_MA3,2026-01,384.0,512.0,128.0,33.33333333333333,False,128.0
E-CF-H-050,B2_MA3,2026-02,768.0,512.0,256.0,33.33333333333333,False,-256.0
E-CF-H-050,B2_MA3,2026-03,384.0,512.0,128.0,33.33333333333333,False,128.0
E-CF-H-050,B3_SeasonalNaive,2026-01,384.0,0.0,384.0,100.0,False,-384.0
E-CF-H-050,B3_SeasonalNaive,2026-02,768.0,0.0,768.0,100.0,False,-768.0
E-CF-H-050,B3_SeasonalNaive,2026-03,384.0,1536.0,1152.0,300.0,False,1152.0
E-CF-H-050,B4_MA6,2026-01,384.0,832.0,448.0,116.66666666666667,False,448.0
E-CF-H-050,B4_MA6,2026-02,768.0,832.0,64.0,8.333333333333332,False,64.0
E-CF-H-050,B4_MA6,2026-03,384.0,832.0,448.0,116.66666666666667,False,448.0
BXR-025-10LE-032,B1_LastMonth,2026-01,100.0,60.0,40.0,40.0,False,-40.0
BXR-025-10LE-032,B1_LastMonth,2026-02,200.0,60.0,140.0,70.0,False,-140.0
BXR-025-10LE-032,B1_LastMonth,2026-03,88.0,60.0,28.0,31.818181818181817,False,-28.0
BXR-025-10LE-032,B2_MA3,2026-01,100.0,592.3333333333334,492.33333333333337,492.33333333333337,False,492.33333333333337
BXR-025-10LE-032,B2_MA3,2026-02,200.0,592.3333333333334,392.33333333333337,196.16666666666669,False,392.33333333333337
BXR-025-10LE-032,B2_MA3,2026-03,88.0,592.3333333333334,504.33333333333337,573.1060606060606,False,504.33333333333337
BXR-025-10LE-032,B3_SeasonalNaive,2026-01,100.0,391.0,291.0,291.0,False,291.0
BXR-025-10LE-032,B3_SeasonalNaive,2026-02,200.0,400.0,200.0,100.0,False,200.0
BXR-025-10LE-032,B3_SeasonalNaive,2026-03,88.0,400.0,312.0,354.54545454545456,False,312.0
BXR-025-10LE-032,B4_MA6,2026-01,100.0,603.1666666666666,503.16666666666663,503.16666666666663,False,503.16666666666663
BXR-025-10LE-032,B4_MA6,2026-02,200.0,603.1666666666666,403.16666666666663,201.58333333333331,False,403.16666666666663
BXR-025-10LE-032,B4_MA6,2026-03,88.0,603.1666666666666,515.1666666666666,585.4166666666666,False,515.1666666666666
BXR-09-20-A-32,B1_LastMonth,2026-01,3240.0,1080.0,2160.0,66.66666666666666,False,-2160.0
BXR-09-20-A-32,B1_LastMonth,2026-02,2160.0,1080.0,1080.0,50.0,False,-1080.0
BXR-09-20-A-32,B1_LastMonth,2026-03,2160.0,1080.0,1080.0,50.0,False,-1080.0
BXR-09-20-A-32,B2_MA3,2026-01,3240.0,360.0,2880.0,88.88888888888889,False,-2880.0
BXR-09-20-A-32,B2_MA3,2026-02,2160.0,360.0,1800.0,83.33333333333334,False,-1800.0
BXR-09-20-A-32,B2_MA3,2026-03,2160.0,360.0,1800.0,83.33333333333334,False,-1800.0
BXR-09-20-A-32,B3_SeasonalNaive,2026-01,3240.0,0.0,3240.0,100.0,False,-3240.0
BXR-09-20-A-32,B3_SeasonalNaive,2026-02,2160.0,0.0,2160.0,100.0,False,-2160.0
BXR-09-20-A-32,B3_SeasonalNaive,2026-03,2160.0,0.0,2160.0,100.0,False,-2160.0
BXR-09-20-A-32,B4_MA6,2026-01,3240.0,180.0,3060.0,94.44444444444444,False,-3060.0
BXR-09-20-A-32,B4_MA6,2026-02,2160.0,180.0,1980.0,91.66666666666666,False,-1980.0
BXR-09-20-A-32,B4_MA6,2026-03,2160.0,180.0,1980.0,91.66666666666666,False,-1980.0
E-CF-H-110,B1_LastMonth,2026-01,542.0,544.0,2.0,0.36900369003690037,False,2.0
E-CF-H-110,B1_LastMonth,2026-02,546.0,544.0,2.0,0.3663003663003663,False,-2.0
E-CF-H-110,B1_LastMonth,2026-03,1088.0,544.0,544.0,50.0,False,-544.0
E-CF-H-110,B2_MA3,2026-01,542.0,362.6666666666667,179.33333333333331,33.08733087330873,False,-179.33333333333331
E-CF-H-110,B2_MA3,2026-02,546.0,362.6666666666667,183.33333333333331,33.57753357753357,False,-183.33333333333331
E-CF-H-110,B2_MA3,2026-03,1088.0,362.6666666666667,725.3333333333333,66.66666666666666,False,-725.3333333333333
E-CF-H-110,B3_SeasonalNaive,2026-01,542.0,544.0,2.0,0.36900369003690037,False,2.0
E-CF-H-110,B3_SeasonalNaive,2026-02,546.0,544.0,2.0,0.3663003663003663,False,-2.0
E-CF-H-110,B3_SeasonalNaive,2026-03,1088.0,1088.0,0.0,0.0,False,0.0
E-CF-H-110,B4_MA6,2026-01,542.0,453.3333333333333,88.66666666666669,16.35916359163592,False,-88.66666666666669
E-CF-H-110,B4_MA6,2026-02,546.0,453.3333333333333,92.66666666666669,16.971916971916976,False,-92.66666666666669
E-CF-H-110,B4_MA6,2026-03,1088.0,453.3333333333333,634.6666666666667,58.333333333333336,False,-634.6666666666667
ALS-065ARN-28BHA-35BHA,B1_LastMonth,2026-01,304.0,763.0,459.0,150.98684210526315,False,459.0
ALS-065ARN-28BHA-35BHA,B1_LastMonth,2026-02,984.0,763.0,221.0,22.459349593495933,False,-221.0
ALS-065ARN-28BHA-35BHA,B1_LastMonth,2026-03,794.0,763.0,31.0,3.9042821158690177,False,-31.0
ALS-065ARN-28BHA-35BHA,B2_MA3,2026-01,304.0,497.3333333333333,193.33333333333331,63.59649122807017,False,193.33333333333331
ALS-065ARN-28BHA-35BHA,B2_MA3,2026-02,984.0,497.3333333333333,486.6666666666667,49.457994579945805,False,-486.6666666666667
ALS-065ARN-28BHA-35BHA,B2_MA3,2026-03,794.0,497.3333333333333,296.6666666666667,37.36356003358522,False,-296.6666666666667
ALS-065ARN-28BHA-35BHA,B3_SeasonalNaive,2026-01,304.0,281.0,23.0,7.565789473684211,False,-23.0
ALS-065ARN-28BHA-35BHA,B3_SeasonalNaive,2026-02,984.0,30.0,954.0,96.95121951219512,False,-954.0
ALS-065ARN-28BHA-35BHA,B3_SeasonalNaive,2026-03,794.0,338.0,456.0,57.43073047858942,False,-456.0
ALS-065ARN-28BHA-35BHA,B4_MA6,2026-01,304.0,596.8333333333334,292.83333333333337,96.32675438596493,False,292.83333333333337
ALS-065ARN-28BHA-35BHA,B4_MA6,2026-02,984.0,596.8333333333334,387.16666666666663,39.346205962059614,False,-387.16666666666663
ALS-065ARN-28BHA-35BHA,B4_MA6,2026-03,794.0,596.8333333333334,197.16666666666663,24.8320738874895,False,-197.16666666666663
BXR-13-20-A-32,B1_LastMonth,2026-01,1890.0,1080.0,810.0,42.857142857142854,False,-810.0
BXR-13-20-A-32,B1_LastMonth,2026-02,2970.0,1080.0,1890.0,63.63636363636363,False,-1890.0
BXR-13-20-A-32,B1_LastMonth,2026-03,2160.0,1080.0,1080.0,50.0,False,-1080.0
BXR-13-20-A-32,B2_MA3,2026-01,1890.0,360.0,1530.0,80.95238095238095,False,-1530.0
BXR-13-20-A-32,B2_MA3,2026-02,2970.0,360.0,2610.0,87.87878787878788,False,-2610.0
BXR-13-20-A-32,B2_MA3,2026-03,2160.0,360.0,1800.0,83.33333333333334,False,-1800.0
BXR-13-20-A-32,B3_SeasonalNaive,2026-01,1890.0,0.0,1890.0,100.0,False,-1890.0
BXR-13-20-A-32,B3_SeasonalNaive,2026-02,2970.0,0.0,2970.0,100.0,False,-2970.0
BXR-13-20-A-32,B3_SeasonalNaive,2026-03,2160.0,0.0,2160.0,100.0,False,-2160.0
BXR-13-20-A-32,B4_MA6,2026-01,1890.0,180.0,1710.0,90.47619047619048,False,-1710.0
BXR-13-20-A-32,B4_MA6,2026-02,2970.0,180.0,2790.0,93.93939393939394,False,-2790.0
BXR-13-20-A-32,B4_MA6,2026-03,2160.0,180.0,1980.0,91.66666666666666,False,-1980.0
SFC-050SA2-T212,B1_LastMonth,2026-01,620.0,460.0,160.0,25.806451612903224,False,-160.0
SFC-050SA2-T212,B1_LastMonth,2026-02,1560.0,460.0,1100.0,70.51282051282051,False,-1100.0
SFC-050SA2-T212,B1_LastMonth,2026-03,1040.0,460.0,580.0,55.769230769230774,False,-580.0
SFC-050SA2-T212,B2_MA3,2026-01,620.0,726.6666666666666,106.66666666666663,17.20430107526881,False,106.66666666666663
SFC-050SA2-T212,B2_MA3,2026-02,1560.0,726.6666666666666,833.3333333333334,53.41880341880342,False,-833.3333333333334
SFC-050SA2-T212,B2_MA3,2026-03,1040.0,726.6666666666666,313.33333333333337,30.12820512820513,False,-313.33333333333337
SFC-050SA2-T212,B3_SeasonalNaive,2026-01,620.0,0.0,620.0,100.0,False,-620.0
SFC-050SA2-T212,B3_SeasonalNaive,2026-02,1560.0,0.0,1560.0,100.0,False,-1560.0
SFC-050SA2-T212,B3_SeasonalNaive,2026-03,1040.0,0.0,1040.0,100.0,False,-1040.0
SFC-050SA2-T212,B4_MA6,2026-01,620.0,573.3333333333334,46.66666666666663,7.526881720430101,False,-46.66666666666663
SFC-050SA2-T212,B4_MA6,2026-02,1560.0,573.3333333333334,986.6666666666666,63.24786324786324,False,-986.6666666666666
SFC-050SA2-T212,B4_MA6,2026-03,1040.0,573.3333333333334,466.66666666666663,44.87179487179487,False,-466.66666666666663
ALS-040ARN-15BHA-19BHA,B1_LastMonth,2026-01,363.0,0.0,363.0,100.0,False,-363.0
ALS-040ARN-15BHA-19BHA,B1_LastMonth,2026-02,276.0,0.0,276.0,100.0,False,-276.0
ALS-040ARN-15BHA-19BHA,B1_LastMonth,2026-03,2095.0,0.0,2095.0,100.0,False,-2095.0
ALS-040ARN-15BHA-19BHA,B2_MA3,2026-01,363.0,323.3333333333333,39.666666666666686,10.927456382001841,False,-39.666666666666686
ALS-040ARN-15BHA-19BHA,B2_MA3,2026-02,276.0,323.3333333333333,47.333333333333314,17.149758454106273,False,47.333333333333314
ALS-040ARN-15BHA-19BHA,B2_MA3,2026-03,2095.0,323.3333333333333,1771.6666666666667,84.56642800318218,False,-1771.6666666666667
ALS-040ARN-15BHA-19BHA,B3_SeasonalNaive,2026-01,363.0,300.0,63.0,17.355371900826448,False,-63.0
ALS-040ARN-15BHA-19BHA,B3_SeasonalNaive,2026-02,276.0,302.0,26.0,9.420289855072465,False,26.0
ALS-040ARN-15BHA-19BHA,B3_SeasonalNaive,2026-03,2095.0,160.0,1935.0,92.36276849642005,False,-1935.0
ALS-040ARN-15BHA-19BHA,B4_MA6,2026-01,363.0,409.3333333333333,46.333333333333314,12.764003673094576,False,46.333333333333314
ALS-040ARN-15BHA-19BHA,B4_MA6,2026-02,276.0,409.3333333333333,133.33333333333331,48.30917874396135,False,133.33333333333331
ALS-040ARN-15BHA-19BHA,B4_MA6,2026-03,2095.0,409.3333333333333,1685.6666666666667,80.46141607000796,False,-1685.6666666666667
SFC-050SA2-T228,B1_LastMonth,2026-01,480.0,480.0,0.0,0.0,False,0.0
SFC-050SA2-T228,B1_LastMonth,2026-02,0.0,480.0,480.0,48000.0,True,480.0
SFC-050SA2-T228,B1_LastMonth,2026-03,480.0,480.0,0.0,0.0,False,0.0
SFC-050SA2-T228,B2_MA3,2026-01,480.0,566.6666666666666,86.66666666666663,18.055555555555546,False,86.66666666666663
SFC-050SA2-T228,B2_MA3,2026-02,0.0,566.6666666666666,566.6666666666666,56666.666666666664,True,566.6666666666666
SFC-050SA2-T228,B2_MA3,2026-03,480.0,566.6666666666666,86.66666666666663,18.055555555555546,False,86.66666666666663
SFC-050SA2-T228,B3_SeasonalNaive,2026-01,480.0,200.0,280.0,58.333333333333336,False,-280.0
SFC-050SA2-T228,B3_SeasonalNaive,2026-02,0.0,0.0,0.0,0.0,True,0.0
SFC-050SA2-T228,B3_SeasonalNaive,2026-03,480.0,60.0,420.0,87.5,False,-420.0
SFC-050SA2-T228,B4_MA6,2026-01,480.0,523.3333333333334,43.33333333333337,9.027777777777786,False,43.33333333333337
SFC-050SA2-T228,B4_MA6,2026-02,0.0,523.3333333333334,523.3333333333334,52333.333333333336,True,523.3333333333334
SFC-050SA2-T228,B4_MA6,2026-03,480.0,523.3333333333334,43.33333333333337,9.027777777777786,False,43.33333333333337
CPG-030-T005B,B1_LastMonth,2026-01,0.0,3000.0,3000.0,300000.0,True,3000.0
CPG-030-T005B,B1_LastMonth,2026-02,3000.0,3000.0,0.0,0.0,False,0.0
CPG-030-T005B,B1_LastMonth,2026-03,0.0,3000.0,3000.0,300000.0,True,3000.0
CPG-030-T005B,B2_MA3,2026-01,0.0,1000.0,1000.0,100000.0,True,1000.0
CPG-030-T005B,B2_MA3,2026-02,3000.0,1000.0,2000.0,66.66666666666666,False,-2000.0
CPG-030-T005B,B2_MA3,2026-03,0.0,1000.0,1000.0,100000.0,True,1000.0
CPG-030-T005B,B3_SeasonalNaive,2026-01,0.0,0.0,0.0,0.0,True,0.0
CPG-030-T005B,B3_SeasonalNaive,2026-02,3000.0,0.0,3000.0,100.0,False,-3000.0
CPG-030-T005B,B3_SeasonalNaive,2026-03,0.0,1000.0,1000.0,100000.0,True,1000.0
CPG-030-T005B,B4_MA6,2026-01,0.0,500.0,500.0,50000.0,True,500.0
CPG-030-T005B,B4_MA6,2026-02,3000.0,500.0,2500.0,83.33333333333334,False,-2500.0
CPG-030-T005B,B4_MA6,2026-03,0.0,500.0,500.0,50000.0,True,500.0
SFC-080DA2-28B-35B,B1_LastMonth,2026-01,550.0,500.0,50.0,9.090909090909092,False,-50.0
SFC-080DA2-28B-35B,B1_LastMonth,2026-02,251.0,500.0,249.0,99.20318725099602,False,249.0
SFC-080DA2-28B-35B,B1_LastMonth,2026-03,550.0,500.0,50.0,9.090909090909092,False,-50.0
SFC-080DA2-28B-35B,B2_MA3,2026-01,550.0,451.0,99.0,18.0,False,-99.0
SFC-080DA2-28B-35B,B2_MA3,2026-02,251.0,451.0,200.0,79.6812749003984,False,200.0
SFC-080DA2-28B-35B,B2_MA3,2026-03,550.0,451.0,99.0,18.0,False,-99.0
SFC-080DA2-28B-35B,B3_SeasonalNaive,2026-01,550.0,400.0,150.0,27.27272727272727,False,-150.0
SFC-080DA2-28B-35B,B3_SeasonalNaive,2026-02,251.0,200.0,51.0,20.318725099601593,False,-51.0
SFC-080DA2-28B-35B,B3_SeasonalNaive,2026-03,550.0,50.0,500.0,90.9090909090909,False,-500.0
SFC-080DA2-28B-35B,B4_MA6,2026-01,550.0,463.5,86.5,15.727272727272728,False,-86.5
SFC-080DA2-28B-35B,B4_MA6,2026-02,251.0,463.5,212.5,84.66135458167331,False,212.5
SFC-080DA2-28B-35B,B4_MA6,2026-03,550.0,463.5,86.5,15.727272727272728,False,-86.5
SFC-050SA2-T229,B1_LastMonth,2026-01,360.0,420.0,60.0,16.666666666666664,False,60.0
SFC-050SA2-T229,B1_LastMonth,2026-02,0.0,420.0,420.0,42000.0,True,420.0
SFC-050SA2-T229,B1_LastMonth,2026-03,340.0,420.0,80.0,23.52941176470588,False,80.0
SFC-050SA2-T229,B2_MA3,2026-01,360.0,493.3333333333333,133.33333333333331,37.03703703703703,False,133.33333333333331
SFC-050SA2-T229,B2_MA3,2026-02,0.0,493.3333333333333,493.3333333333333,49333.33333333333,True,493.3333333333333
SFC-050SA2-T229,B2_MA3,2026-03,340.0,493.3333333333333,153.33333333333331,45.09803921568627,False,153.33333333333331
SFC-050SA2-T229,B3_SeasonalNaive,2026-01,360.0,0.0,360.0,100.0,False,-360.0
SFC-050SA2-T229,B3_SeasonalNaive,2026-02,0.0,60.0,60.0,6000.0,True,60.0
SFC-050SA2-T229,B3_SeasonalNaive,2026-03,340.0,80.0,260.0,76.47058823529412,False,-260.0
SFC-050SA2-T229,B4_MA6,2026-01,360.0,460.0,100.0,27.77777777777778,False,100.0
SFC-050SA2-T229,B4_MA6,2026-02,0.0,460.0,460.0,46000.0,True,460.0
SFC-050SA2-T229,B4_MA6,2026-03,340.0,460.0,120.0,35.294117647058826,False,120.0
ALS-065ARN-25BHA-35BHA,B1_LastMonth,2026-01,436.0,304.0,132.0,30.275229357798167,False,-132.0
ALS-065ARN-25BHA-35BHA,B1_LastMonth,2026-02,201.0,304.0,103.0,51.243781094527364,False,103.0
ALS-065ARN-25BHA-35BHA,B1_LastMonth,2026-03,226.0,304.0,78.0,34.51327433628318,False,78.0
ALS-065ARN-25BHA-35BHA,B2_MA3,2026-01,436.0,364.6666666666667,71.33333333333331,16.360856269113143,False,-71.33333333333331
ALS-065ARN-25BHA-35BHA,B2_MA3,2026-02,201.0,364.6666666666667,163.66666666666669,81.42620232172472,False,163.66666666666669
ALS-065ARN-25BHA-35BHA,B2_MA3,2026-03,226.0,364.6666666666667,138.66666666666669,61.35693215339234,False,138.66666666666669
ALS-065ARN-25BHA-35BHA,B3_SeasonalNaive,2026-01,436.0,572.0,136.0,31.19266055045872,False,136.0
ALS-065ARN-25BHA-35BHA,B3_SeasonalNaive,2026-02,201.0,358.0,157.0,78.1094527363184,False,157.0
ALS-065ARN-25BHA-35BHA,B3_SeasonalNaive,2026-03,226.0,100.0,126.0,55.75221238938053,False,-126.0
ALS-065ARN-25BHA-35BHA,B4_MA6,2026-01,436.0,372.6666666666667,63.333333333333314,14.525993883792044,False,-63.333333333333314
ALS-065ARN-25BHA-35BHA,B4_MA6,2026-02,201.0,372.6666666666667,171.66666666666669,85.40630182421228,False,171.66666666666669
ALS-065ARN-25BHA-35BHA,B4_MA6,2026-03,226.0,372.6666666666667,146.66666666666669,64.89675516224189,False,146.66666666666669
SFC-050SA2-16B-14BC,B1_LastMonth,2026-01,240.0,465.0,225.0,93.75,False,225.0
SFC-050SA2-16B-14BC,B1_LastMonth,2026-02,480.0,465.0,15.0,3.125,False,-15.0
SFC-050SA2-16B-14BC,B1_LastMonth,2026-03,0.0,465.0,465.0,46500.0,True,465.0
SFC-050SA2-16B-14BC,B2_MA3,2026-01,240.0,350.0,110.0,45.83333333333333,False,110.0
SFC-050SA2-16B-14BC,B2_MA3,2026-02,480.0,350.0,130.0,27.083333333333332,False,-130.0
SFC-050SA2-16B-14BC,B2_MA3,2026-03,0.0,350.0,350.0,35000.0,True,350.0
SFC-050SA2-16B-14BC,B3_SeasonalNaive,2026-01,240.0,735.0,495.0,206.25,False,495.0
SFC-050SA2-16B-14BC,B3_SeasonalNaive,2026-02,480.0,0.0,480.0,100.0,False,-480.0
SFC-050SA2-16B-14BC,B3_SeasonalNaive,2026-03,0.0,100.0,100.0,10000.0,True,100.0
SFC-050SA2-16B-14BC,B4_MA6,2026-01,240.0,342.5,102.5,42.70833333333333,False,102.5
SFC-050SA2-16B-14BC,B4_MA6,2026-02,480.0,342.5,137.5,28.645833333333332,False,-137.5
SFC-050SA2-16B-14BC,B4_MA6,2026-03,0.0,342.5,342.5,34250.0,True,342.5
SFC-060DA2-28B-35B,B1_LastMonth,2026-01,300.0,300.0,0.0,0.0,False,0.0
SFC-060DA2-28B-35B,B1_LastMonth,2026-02,0.0,300.0,300.0,30000.0,True,300.0
SFC-060DA2-28B-35B,B1_LastMonth,2026-03,300.0,300.0,0.0,0.0,False,0.0
SFC-060DA2-28B-35B,B2_MA3,2026-01,300.0,300.0,0.0,0.0,False,0.0
SFC-060DA2-28B-35B,B2_MA3,2026-02,0.0,300.0,300.0,30000.0,True,300.0
SFC-060DA2-28B-35B,B2_MA3,2026-03,300.0,300.0,0.0,0.0,False,0.0
SFC-060DA2-28B-35B,B3_SeasonalNaive,2026-01,300.0,300.0,0.0,0.0,False,0.0
SFC-060DA2-28B-35B,B3_SeasonalNaive,2026-02,0.0,300.0,300.0,30000.0,True,300.0
SFC-060DA2-28B-35B,B3_SeasonalNaive,2026-03,300.0,0.0,300.0,100.0,False,-300.0
SFC-060DA2-28B-35B,B4_MA6,2026-01,300.0,301.1666666666667,1.1666666666666856,0.3888888888888952,False,1.1666666666666856
SFC-060DA2-28B-35B,B4_MA6,2026-02,0.0,301.1666666666667,301.1666666666667,30116.666666666668,True,301.1666666666667
SFC-060DA2-28B-35B,B4_MA6,2026-03,300.0,301.1666666666667,1.1666666666666856,0.3888888888888952,False,1.1666666666666856
BXW-05-10-54(本体）,B1_LastMonth,2026-01,0.0,0.0,0.0,0.0,True,0.0
BXW-05-10-54(本体）,B1_LastMonth,2026-02,0.0,0.0,0.0,0.0,True,0.0
BXW-05-10-54(本体）,B1_LastMonth,2026-03,600.0,0.0,600.0,100.0,False,-600.0
BXW-05-10-54(本体）,B2_MA3,2026-01,0.0,366.6666666666667,366.6666666666667,36666.66666666667,True,366.6666666666667
BXW-05-10-54(本体）,B2_MA3,2026-02,0.0,366.6666666666667,366.6666666666667,36666.66666666667,True,366.6666666666667
BXW-05-10-54(本体）,B2_MA3,2026-03,600.0,366.6666666666667,233.33333333333331,38.888888888888886,False,-233.33333333333331
BXW-05-10-54(本体）,B3_SeasonalNaive,2026-01,0.0,0.0,0.0,0.0,True,0.0
BXW-05-10-54(本体）,B3_SeasonalNaive,2026-02,0.0,0.0,0.0,0.0,True,0.0
BXW-05-10-54(本体）,B3_SeasonalNaive,2026-03,600.0,0.0,600.0,100.0,False,-600.0
BXW-05-10-54(本体）,B4_MA6,2026-01,0.0,361.6666666666667,361.6666666666667,36166.66666666667,True,361.6666666666667
BXW-05-10-54(本体）,B4_MA6,2026-02,0.0,361.6666666666667,361.6666666666667,36166.66666666667,True,361.6666666666667
BXW-05-10-54(本体）,B4_MA6,2026-03,600.0,361.6666666666667,238.33333333333331,39.72222222222222,False,-238.33333333333331
SPACER BOLT CF-A-030-S1-1360-G,B1_LastMonth,2026-01,0.0,0.0,0.0,0.0,True,0.0
SPACER BOLT CF-A-030-S1-1360-G,B1_LastMonth,2026-02,0.0,0.0,0.0,0.0,True,0.0
SPACER BOLT CF-A-030-S1-1360-G,B1_LastMonth,2026-03,100.0,0.0,100.0,100.0,False,-100.0
SPACER BOLT CF-A-030-S1-1360-G,B2_MA3,2026-01,0.0,0.0,0.0,0.0,True,0.0
SPACER BOLT CF-A-030-S1-1360-G,B2_MA3,2026-02,0.0,0.0,0.0,0.0,True,0.0
SPACER BOLT CF-A-030-S1-1360-G,B2_MA3,2026-03,100.0,0.0,100.0,100.0,False,-100.0
SPACER BOLT CF-A-030-S1-1360-G,B3_SeasonalNaive,2026-01,0.0,700.0,700.0,70000.0,True,700.0
SPACER BOLT CF-A-030-S1-1360-G,B3_SeasonalNaive,2026-02,0.0,800.0,800.0,80000.0,True,800.0
SPACER BOLT CF-A-030-S1-1360-G,B3_SeasonalNaive,2026-03,100.0,800.0,700.0,700.0,False,700.0
SPACER BOLT CF-A-030-S1-1360-G,B4_MA6,2026-01,0.0,83.33333333333333,83.33333333333333,8333.333333333332,True,83.33333333333333
SPACER BOLT CF-A-030-S1-1360-G,B4_MA6,2026-02,0.0,83.33333333333333,83.33333333333333,8333.333333333332,True,83.33333333333333
SPACER BOLT CF-A-030-S1-1360-G,B4_MA6,2026-03,100.0,83.33333333333333,16.66666666666667,16.66666666666667,False,-16.66666666666667
E-CF-H-160,B1_LastMonth,2026-01,448.0,448.0,0.0,0.0,False,0.0
E-CF-H-160,B1_LastMonth,2026-02,0.0,448.0,448.0,44800.0,True,448.0
E-CF-H-160,B1_LastMonth,2026-03,224.0,448.0,224.0,100.0,False,224.0
E-CF-H-160,B2_MA3,2026-01,448.0,373.3333333333333,74.66666666666669,16.66666666666667,False,-74.66666666666669
E-CF-H-160,B2_MA3,2026-02,0.0,373.3333333333333,373.3333333333333,37333.33333333333,True,373.3333333333333
E-CF-H-160,B2_MA3,2026-03,224.0,373.3333333333333,149.33333333333331,66.66666666666666,False,149.33333333333331
E-CF-H-160,B3_SeasonalNaive,2026-01,448.0,0.0,448.0,100.0,False,-448.0
E-CF-H-160,B3_SeasonalNaive,2026-02,0.0,0.0,0.0,0.0,True,0.0
E-CF-H-160,B3_SeasonalNaive,2026-03,224.0,224.0,0.0,0.0,False,0.0
E-CF-H-160,B4_MA6,2026-01,448.0,336.0,112.0,25.0,False,-112.0
E-CF-H-160,B4_MA6,2026-02,0.0,336.0,336.0,33600.0,True,336.0
E-CF-H-160,B4_MA6,2026-03,224.0,336.0,112.0,50.0,False,112.0
BXW-03-10-112,B1_LastMonth,2026-01,0.0,900.0,900.0,90000.0,True,900.0
BXW-03-10-112,B1_LastMonth,2026-02,600.0,900.0,300.0,50.0,False,300.0
BXW-03-10-112,B1_LastMonth,2026-03,514.0,900.0,386.0,75.09727626459144,False,386.0
BXW-03-10-112,B2_MA3,2026-01,0.0,450.0,450.0,45000.0,True,450.0
BXW-03-10-112,B2_MA3,2026-02,600.0,450.0,150.0,25.0,False,-150.0
BXW-03-10-112,B2_MA3,2026-03,514.0,450.0,64.0,12.45136186770428,False,-64.0
BXW-03-10-112,B3_SeasonalNaive,2026-01,0.0,0.0,0.0,0.0,True,0.0
BXW-03-10-112,B3_SeasonalNaive,2026-02,600.0,0.0,600.0,100.0,False,-600.0
BXW-03-10-112,B3_SeasonalNaive,2026-03,514.0,0.0,514.0,100.0,False,-514.0
BXW-03-10-112,B4_MA6,2026-01,0.0,400.0,400.0,40000.0,True,400.0
BXW-03-10-112,B4_MA6,2026-02,600.0,400.0,200.0,33.33333333333333,False,-200.0
BXW-03-10-112,B4_MA6,2026-03,514.0,400.0,114.0,22.17898832684825,False,-114.0
SFC-050SA2-16B-24B,B1_LastMonth,2026-01,202.0,725.0,523.0,258.91089108910893,False,523.0
SFC-050SA2-16B-24B,B1_LastMonth,2026-02,325.0,725.0,400.0,123.07692307692308,False,400.0
SFC-050SA2-16B-24B,B1_LastMonth,2026-03,0.0,725.0,725.0,72500.0,True,725.0
SFC-050SA2-16B-24B,B2_MA3,2026-01,202.0,367.3333333333333,165.33333333333331,81.84818481848184,False,165.33333333333331
SFC-050SA2-16B-24B,B2_MA3,2026-02,325.0,367.3333333333333,42.333333333333314,13.025641025641018,False,42.333333333333314
SFC-050SA2-16B-24B,B2_MA3,2026-03,0.0,367.3333333333333,367.3333333333333,36733.33333333333,True,367.3333333333333
SFC-050SA2-16B-24B,B3_SeasonalNaive,2026-01,202.0,354.0,152.0,75.24752475247524,False,152.0
SFC-050SA2-16B-24B,B3_SeasonalNaive,2026-02,325.0,185.0,140.0,43.07692307692308,False,-140.0
SFC-050SA2-16B-24B,B3_SeasonalNaive,2026-03,0.0,478.0,478.0,47800.0,True,478.0
SFC-050SA2-16B-24B,B4_MA6,2026-01,202.0,263.6666666666667,61.666666666666686,30.528052805280538,False,61.666666666666686
SFC-050SA2-16B-24B,B4_MA6,2026-02,325.0,263.6666666666667,61.333333333333314,18.87179487179487,False,-61.333333333333314
SFC-050SA2-16B-24B,B4_MA6,2026-03,0.0,263.6666666666667,263.6666666666667,26366.666666666668,True,263.6666666666667
CS-06-33G 24V 12DIN,B1_LastMonth,2026-01,696.0,30.0,666.0,95.6896551724138,False,-666.0
CS-06-33G 24V 12DIN,B1_LastMonth,2026-02,0.0,30.0,30.0,3000.0,True,30.0
CS-06-33G 24V 12DIN,B1_LastMonth,2026-03,0.0,30.0,30.0,3000.0,True,30.0
CS-06-33G 24V 12DIN,B2_MA3,2026-01,696.0,113.33333333333333,582.6666666666666,83.71647509578544,False,-582.6666666666666
CS-06-33G 24V 12DIN,B2_MA3,2026-02,0.0,113.33333333333333,113.33333333333333,11333.333333333332,True,113.33333333333333
CS-06-33G 24V 12DIN,B2_MA3,2026-03,0.0,113.33333333333333,113.33333333333333,11333.333333333332,True,113.33333333333333
CS-06-33G 24V 12DIN,B3_SeasonalNaive,2026-01,696.0,0.0,696.0,100.0,False,-696.0
CS-06-33G 24V 12DIN,B3_SeasonalNaive,2026-02,0.0,0.0,0.0,0.0,True,0.0
CS-06-33G 24V 12DIN,B3_SeasonalNaive,2026-03,0.0,30.0,30.0,3000.0,True,30.0
CS-06-33G 24V 12DIN,B4_MA6,2026-01,696.0,250.5,445.5,64.00862068965517,False,-445.5
CS-06-33G 24V 12DIN,B4_MA6,2026-02,0.0,250.5,250.5,25050.0,True,250.5
CS-06-33G 24V 12DIN,B4_MA6,2026-03,0.0,250.5,250.5,25050.0,True,250.5
CF-A-008-O0-1360,B1_LastMonth,2026-01,300.0,300.0,0.0,0.0,False,0.0
CF-A-008-O0-1360,B1_LastMonth,2026-02,300.0,300.0,0.0,0.0,False,0.0
CF-A-008-O0-1360,B1_LastMonth,2026-03,400.0,300.0,100.0,25.0,False,-100.0
CF-A-008-O0-1360,B2_MA3,2026-01,300.0,125.0,175.0,58.333333333333336,False,-175.0
CF-A-008-O0-1360,B2_MA3,2026-02,300.0,125.0,175.0,58.333333333333336,False,-175.0
CF-A-008-O0-1360,B2_MA3,2026-03,400.0,125.0,275.0,68.75,False,-275.0
CF-A-008-O0-1360,B3_SeasonalNaive,2026-01,300.0,0.0,300.0,100.0,False,-300.0
CF-A-008-O0-1360,B3_SeasonalNaive,2026-02,300.0,0.0,300.0,100.0,False,-300.0
CF-A-008-O0-1360,B3_SeasonalNaive,2026-03,400.0,0.0,400.0,100.0,False,-400.0
CF-A-008-O0-1360,B4_MA6,2026-01,300.0,279.1666666666667,20.833333333333314,6.9444444444444375,False,-20.833333333333314
CF-A-008-O0-1360,B4_MA6,2026-02,300.0,279.1666666666667,20.833333333333314,6.9444444444444375,False,-20.833333333333314
CF-A-008-O0-1360,B4_MA6,2026-03,400.0,279.1666666666667,120.83333333333331,30.208333333333325,False,-120.83333333333331
SFC-010SA2-6.35B-8B,B1_LastMonth,2026-01,0.0,150.0,150.0,15000.0,True,150.0
SFC-010SA2-6.35B-8B,B1_LastMonth,2026-02,350.0,150.0,200.0,57.14285714285714,False,-200.0
SFC-010SA2-6.35B-8B,B1_LastMonth,2026-03,400.0,150.0,250.0,62.5,False,-250.0
SFC-010SA2-6.35B-8B,B2_MA3,2026-01,0.0,183.33333333333334,183.33333333333334,18333.333333333336,True,183.33333333333334
SFC-010SA2-6.35B-8B,B2_MA3,2026-02,350.0,183.33333333333334,166.66666666666666,47.61904761904761,False,-166.66666666666666
SFC-010SA2-6.35B-8B,B2_MA3,2026-03,400.0,183.33333333333334,216.66666666666666,54.166666666666664,False,-216.66666666666666
SFC-010SA2-6.35B-8B,B3_SeasonalNaive,2026-01,0.0,30.0,30.0,3000.0,True,30.0
SFC-010SA2-6.35B-8B,B3_SeasonalNaive,2026-02,350.0,200.0,150.0,42.857142857142854,False,-150.0
SFC-010SA2-6.35B-8B,B3_SeasonalNaive,2026-03,400.0,100.0,300.0,75.0,False,-300.0
SFC-010SA2-6.35B-8B,B4_MA6,2026-01,0.0,138.5,138.5,13850.0,True,138.5
SFC-010SA2-6.35B-8B,B4_MA6,2026-02,350.0,138.5,211.5,60.42857142857143,False,-211.5
SFC-010SA2-6.35B-8B,B4_MA6,2026-03,400.0,138.5,261.5,65.375,False,-261.5
SFC-040SA2-12B-14B,B1_LastMonth,2026-01,152.0,100.0,52.0,34.21052631578947,False,-52.0
SFC-040SA2-12B-14B,B1_LastMonth,2026-02,22.0,100.0,78.0,354.54545454545456,False,78.0
SFC-040SA2-12B-14B,B1_LastMonth,2026-03,393.0,100.0,293.0,74.55470737913485,False,-293.0
SFC-040SA2-12B-14B,B2_MA3,2026-01,152.0,211.66666666666666,59.66666666666666,39.254385964912274,False,59.66666666666666
SFC-040SA2-12B-14B,B2_MA3,2026-02,22.0,211.66666666666666,189.66666666666666,862.1212121212121,False,189.66666666666666
SFC-040SA2-12B-14B,B2_MA3,2026-03,393.0,211.66666666666666,181.33333333333334,46.140797285835454,False,-181.33333333333334
SFC-040SA2-12B-14B,B3_SeasonalNaive,2026-01,152.0,210.0,58.0,38.15789473684211,False,58.0
SFC-040SA2-12B-14B,B3_SeasonalNaive,2026-02,22.0,126.0,104.0,472.72727272727275,False,104.0
SFC-040SA2-12B-14B,B3_SeasonalNaive,2026-03,393.0,224.0,169.0,43.00254452926209,False,-169.0
SFC-040SA2-12B-14B,B4_MA6,2026-01,152.0,223.33333333333334,71.33333333333334,46.929824561403514,False,71.33333333333334
SFC-040SA2-12B-14B,B4_MA6,2026-02,22.0,223.33333333333334,201.33333333333334,915.1515151515152,False,201.33333333333334
SFC-040SA2-12B-14B,B4_MA6,2026-03,393.0,223.33333333333334,169.66666666666666,43.172179813401186,False,-169.66666666666666
ALS-020ARN-6BHA-8BHA,B1_LastMonth,2026-01,397.0,280.0,117.0,29.47103274559194,False,-117.0
ALS-020ARN-6BHA-8BHA,B1_LastMonth,2026-02,87.0,280.0,193.0,221.83908045977012,False,193.0
ALS-020ARN-6BHA-8BHA,B1_LastMonth,2026-03,780.0,280.0,500.0,64.1025641025641,False,-500.0
ALS-020ARN-6BHA-8BHA,B2_MA3,2026-01,397.0,144.0,253.0,63.72795969773299,False,-253.0
ALS-020ARN-6BHA-8BHA,B2_MA3,2026-02,87.0,144.0,57.0,65.51724137931035,False,57.0
ALS-020ARN-6BHA-8BHA,B2_MA3,2026-03,780.0,144.0,636.0,81.53846153846153,False,-636.0
ALS-020ARN-6BHA-8BHA,B3_SeasonalNaive,2026-01,397.0,0.0,397.0,100.0,False,-397.0
ALS-020ARN-6BHA-8BHA,B3_SeasonalNaive,2026-02,87.0,161.0,74.0,85.0574712643678,False,74.0
ALS-020ARN-6BHA-8BHA,B3_SeasonalNaive,2026-03,780.0,100.0,680.0,87.17948717948718,False,-680.0
ALS-020ARN-6BHA-8BHA,B4_MA6,2026-01,397.0,130.16666666666666,266.83333333333337,67.2124265323258,False,-266.83333333333337
ALS-020ARN-6BHA-8BHA,B4_MA6,2026-02,87.0,130.16666666666666,43.16666666666666,49.61685823754788,False,43.16666666666666
ALS-020ARN-6BHA-8BHA,B4_MA6,2026-03,780.0,130.16666666666666,649.8333333333334,83.31196581196582,False,-649.8333333333334
SFC-050SA2-16B-11BC,B1_LastMonth,2026-01,160.0,310.0,150.0,93.75,False,150.0
SFC-050SA2-16B-11BC,B1_LastMonth,2026-02,320.0,310.0,10.0,3.125,False,-10.0
SFC-050SA2-16B-11BC,B1_LastMonth,2026-03,240.0,310.0,70.0,29.166666666666668,False,70.0
SFC-050SA2-16B-11BC,B2_MA3,2026-01,160.0,233.33333333333334,73.33333333333334,45.833333333333336,False,73.33333333333334
SFC-050SA2-16B-11BC,B2_MA3,2026-02,320.0,233.33333333333334,86.66666666666666,27.083333333333332,False,-86.66666666666666
SFC-050SA2-16B-11BC,B2_MA3,2026-03,240.0,233.33333333333334,6.666666666666657,2.7777777777777737,False,-6.666666666666657
SFC-050SA2-16B-11BC,B3_SeasonalNaive,2026-01,160.0,490.0,330.0,206.25,False,330.0
SFC-050SA2-16B-11BC,B3_SeasonalNaive,2026-02,320.0,0.0,320.0,100.0,False,-320.0
SFC-050SA2-16B-11BC,B3_SeasonalNaive,2026-03,240.0,100.0,140.0,58.333333333333336,False,-140.0
SFC-050SA2-16B-11BC,B4_MA6,2026-01,160.0,228.33333333333334,68.33333333333334,42.708333333333336,False,68.33333333333334
SFC-050SA2-16B-11BC,B4_MA6,2026-02,320.0,228.33333333333334,91.66666666666666,28.645833333333332,False,-91.66666666666666
SFC-050SA2-16B-11BC,B4_MA6,2026-03,240.0,228.33333333333334,11.666666666666657,4.861111111111107,False,-11.666666666666657
SFC-050SA2-T211,B1_LastMonth,2026-01,180.0,200.0,20.0,11.11111111111111,False,20.0
SFC-050SA2-T211,B1_LastMonth,2026-02,260.0,200.0,60.0,23.076923076923077,False,-60.0
SFC-050SA2-T211,B1_LastMonth,2026-03,700.0,200.0,500.0,71.42857142857143,False,-500.0
SFC-050SA2-T211,B2_MA3,2026-01,180.0,353.3333333333333,173.33333333333331,96.29629629629629,False,173.33333333333331
SFC-050SA2-T211,B2_MA3,2026-02,260.0,353.3333333333333,93.33333333333331,35.89743589743589,False,93.33333333333331
SFC-050SA2-T211,B2_MA3,2026-03,700.0,353.3333333333333,346.6666666666667,49.523809523809526,False,-346.6666666666667
SFC-050SA2-T211,B3_SeasonalNaive,2026-01,180.0,0.0,180.0,100.0,False,-180.0
SFC-050SA2-T211,B3_SeasonalNaive,2026-02,260.0,0.0,260.0,100.0,False,-260.0
SFC-050SA2-T211,B3_SeasonalNaive,2026-03,700.0,0.0,700.0,100.0,False,-700.0
SFC-050SA2-T211,B4_MA6,2026-01,180.0,286.6666666666667,106.66666666666669,59.25925925925927,False,106.66666666666669
SFC-050SA2-T211,B4_MA6,2026-02,260.0,286.6666666666667,26.666666666666686,10.256410256410264,False,26.666666666666686
SFC-050SA2-T211,B4_MA6,2026-03,700.0,286.6666666666667,413.3333333333333,59.04761904761905,False,-413.3333333333333
SFC-050SA2-18B-19B,B1_LastMonth,2026-01,370.0,102.0,268.0,72.43243243243244,False,-268.0
SFC-050SA2-18B-19B,B1_LastMonth,2026-02,160.0,102.0,58.0,36.25,False,-58.0
SFC-050SA2-18B-19B,B1_LastMonth,2026-03,391.0,102.0,289.0,73.91304347826086,False,-289.0
SFC-050SA2-18B-19B,B2_MA3,2026-01,370.0,105.0,265.0,71.62162162162163,False,-265.0
SFC-050SA2-18B-19B,B2_MA3,2026-02,160.0,105.0,55.0,34.375,False,-55.0
SFC-050SA2-18B-19B,B2_MA3,2026-03,391.0,105.0,286.0,73.1457800511509,False,-286.0
SFC-050SA2-18B-19B,B3_SeasonalNaive,2026-01,370.0,0.0,370.0,100.0,False,-370.0
SFC-050SA2-18B-19B,B3_SeasonalNaive,2026-02,160.0,305.0,145.0,90.625,False,145.0
SFC-050SA2-18B-19B,B3_SeasonalNaive,2026-03,391.0,510.0,119.0,30.434782608695656,False,119.0
SFC-050SA2-18B-19B,B4_MA6,2026-01,370.0,167.66666666666666,202.33333333333334,54.68468468468469,False,-202.33333333333334
SFC-050SA2-18B-19B,B4_MA6,2026-02,160.0,167.66666666666666,7.666666666666657,4.791666666666661,False,7.666666666666657
SFC-050SA2-18B-19B,B4_MA6,2026-03,391.0,167.66666666666666,223.33333333333334,57.11849957374254,False,-223.33333333333334
SFC-035DA2-12B-14B,B1_LastMonth,2026-01,7.0,19.0,12.0,171.42857142857142,False,12.0
SFC-035DA2-12B-14B,B1_LastMonth,2026-02,4.0,19.0,15.0,375.0,False,15.0
SFC-035DA2-12B-14B,B1_LastMonth,2026-03,37.0,19.0,18.0,48.64864864864865,False,-18.0
SFC-035DA2-12B-14B,B2_MA3,2026-01,7.0,15.0,8.0,114.28571428571428,False,8.0
SFC-035DA2-12B-14B,B2_MA3,2026-02,4.0,15.0,11.0,275.0,False,11.0
SFC-035DA2-12B-14B,B2_MA3,2026-03,37.0,15.0,22.0,59.45945945945946,False,-22.0
SFC-035DA2-12B-14B,B3_SeasonalNaive,2026-01,7.0,123.0,116.0,1657.1428571428573,False,116.0
SFC-035DA2-12B-14B,B3_SeasonalNaive,2026-02,4.0,296.0,292.0,7300.0,False,292.0
SFC-035DA2-12B-14B,B3_SeasonalNaive,2026-03,37.0,526.0,489.0,1321.6216216216217,False,489.0
SFC-035DA2-12B-14B,B4_MA6,2026-01,7.0,205.66666666666666,198.66666666666666,2838.095238095238,False,198.66666666666666
SFC-035DA2-12B-14B,B4_MA6,2026-02,4.0,205.66666666666666,201.66666666666666,5041.666666666666,False,201.66666666666666
SFC-035DA2-12B-14B,B4_MA6,2026-03,37.0,205.66666666666666,168.66666666666666,455.8558558558558,False,168.66666666666666
SFC-030DA2-10B-14B,B1_LastMonth,2026-01,196.0,291.0,95.0,48.46938775510204,False,95.0
SFC-030DA2-10B-14B,B1_LastMonth,2026-02,129.0,291.0,162.0,125.5813953488372,False,162.0
SFC-030DA2-10B-14B,B1_LastMonth,2026-03,331.0,291.0,40.0,12.084592145015106,False,-40.0
SFC-030DA2-10B-14B,B2_MA3,2026-01,196.0,267.6666666666667,71.66666666666669,36.56462585034014,False,71.66666666666669
SFC-030DA2-10B-14B,B2_MA3,2026-02,129.0,267.6666666666667,138.66666666666669,107.49354005167959,False,138.66666666666669
SFC-030DA2-10B-14B,B2_MA3,2026-03,331.0,267.6666666666667,63.333333333333314,19.133937562940577,False,-63.333333333333314
SFC-030DA2-10B-14B,B3_SeasonalNaive,2026-01,196.0,198.0,2.0,1.0204081632653061,False,2.0
SFC-030DA2-10B-14B,B3_SeasonalNaive,2026-02,129.0,307.0,178.0,137.984496124031,False,178.0
SFC-030DA2-10B-14B,B3_SeasonalNaive,2026-03,331.0,97.0,234.0,70.69486404833837,False,-234.0
SFC-030DA2-10B-14B,B4_MA6,2026-01,196.0,206.66666666666666,10.666666666666657,5.442176870748295,False,10.666666666666657
SFC-030DA2-10B-14B,B4_MA6,2026-02,129.0,206.66666666666666,77.66666666666666,60.20671834625322,False,77.66666666666666
SFC-030DA2-10B-14B,B4_MA6,2026-03,331.0,206.66666666666666,124.33333333333334,37.56294058408862,False,-124.33333333333334
BXW-04-10-22,B1_LastMonth,2026-01,0.0,300.0,300.0,30000.0,True,300.0
BXW-04-10-22,B1_LastMonth,2026-02,0.0,300.0,300.0,30000.0,True,300.0
BXW-04-10-22,B1_LastMonth,2026-03,0.0,300.0,300.0,30000.0,True,300.0
BXW-04-10-22,B2_MA3,2026-01,0.0,300.0,300.0,30000.0,True,300.0
BXW-04-10-22,B2_MA3,2026-02,0.0,300.0,300.0,30000.0,True,300.0
BXW-04-10-22,B2_MA3,2026-03,0.0,300.0,300.0,30000.0,True,300.0
BXW-04-10-22,B3_SeasonalNaive,2026-01,0.0,0.0,0.0,0.0,True,0.0
BXW-04-10-22,B3_SeasonalNaive,2026-02,0.0,300.0,300.0,30000.0,True,300.0
BXW-04-10-22,B3_SeasonalNaive,2026-03,0.0,522.0,522.0,52200.0,True,522.0
BXW-04-10-22,B4_MA6,2026-01,0.0,200.0,200.0,20000.0,True,200.0
BXW-04-10-22,B4_MA6,2026-02,0.0,200.0,200.0,20000.0,True,200.0
BXW-04-10-22,B4_MA6,2026-03,0.0,200.0,200.0,20000.0,True,200.0
ALS-040ARN-T014,B1_LastMonth,2026-01,355.0,105.0,250.0,70.4225352112676,False,-250.0
ALS-040ARN-T014,B1_LastMonth,2026-02,440.0,105.0,335.0,76.13636363636364,False,-335.0
ALS-040ARN-T014,B1_LastMonth,2026-03,600.0,105.0,495.0,82.5,False,-495.0
ALS-040ARN-T014,B2_MA3,2026-01,355.0,105.0,250.0,70.4225352112676,False,-250.0
ALS-040ARN-T014,B2_MA3,2026-02,440.0,105.0,335.0,76.13636363636364,False,-335.0
ALS-040ARN-T014,B2_MA3,2026-03,600.0,105.0,495.0,82.5,False,-495.0
ALS-040ARN-T014,B3_SeasonalNaive,2026-01,355.0,100.0,255.0,71.83098591549296,False,-255.0
ALS-040ARN-T014,B3_SeasonalNaive,2026-02,440.0,0.0,440.0,100.0,False,-440.0
ALS-040ARN-T014,B3_SeasonalNaive,2026-03,600.0,60.0,540.0,90.0,False,-540.0
ALS-040ARN-T014,B4_MA6,2026-01,355.0,88.5,266.5,75.07042253521126,False,-266.5
ALS-040ARN-T014,B4_MA6,2026-02,440.0,88.5,351.5,79.88636363636363,False,-351.5
ALS-040ARN-T014,B4_MA6,2026-03,600.0,88.5,511.5,85.25,False,-511.5
BXR-035-10LE-062,B1_LastMonth,2026-01,479.0,6.0,473.0,98.74739039665971,False,-473.0
BXR-035-10LE-062,B1_LastMonth,2026-02,100.0,6.0,94.0,94.0,False,-94.0
BXR-035-10LE-062,B1_LastMonth,2026-03,276.0,6.0,270.0,97.82608695652173,False,-270.0
BXR-035-10LE-062,B2_MA3,2026-01,479.0,20.0,459.0,95.82463465553236,False,-459.0
BXR-035-10LE-062,B2_MA3,2026-02,100.0,20.0,80.0,80.0,False,-80.0
BXR-035-10LE-062,B2_MA3,2026-03,276.0,20.0,256.0,92.7536231884058,False,-256.0
BXR-035-10LE-062,B3_SeasonalNaive,2026-01,479.0,0.0,479.0,100.0,False,-479.0
BXR-035-10LE-062,B3_SeasonalNaive,2026-02,100.0,203.0,103.0,103.0,False,103.0
BXR-035-10LE-062,B3_SeasonalNaive,2026-03,276.0,0.0,276.0,100.0,False,-276.0
BXR-035-10LE-062,B4_MA6,2026-01,479.0,220.33333333333334,258.66666666666663,54.00139178844815,False,-258.66666666666663
BXR-035-10LE-062,B4_MA6,2026-02,100.0,220.33333333333334,120.33333333333334,120.33333333333334,False,120.33333333333334
BXR-035-10LE-062,B4_MA6,2026-03,276.0,220.33333333333334,55.66666666666666,20.16908212560386,False,-55.66666666666666
SPACER BOLT CF-A-090-S1-1360-G,B1_LastMonth,2026-01,0.0,0.0,0.0,0.0,True,0.0
SPACER BOLT CF-A-090-S1-1360-G,B1_LastMonth,2026-02,0.0,0.0,0.0,0.0,True,0.0
SPACER BOLT CF-A-090-S1-1360-G,B1_LastMonth,2026-03,0.0,0.0,0.0,0.0,True,0.0
SPACER BOLT CF-A-090-S1-1360-G,B2_MA3,2026-01,0.0,36.0,36.0,3600.0,True,36.0
SPACER BOLT CF-A-090-S1-1360-G,B2_MA3,2026-02,0.0,36.0,36.0,3600.0,True,36.0
SPACER BOLT CF-A-090-S1-1360-G,B2_MA3,2026-03,0.0,36.0,36.0,3600.0,True,36.0
SPACER BOLT CF-A-090-S1-1360-G,B3_SeasonalNaive,2026-01,0.0,260.0,260.0,26000.0,True,260.0
SPACER BOLT CF-A-090-S1-1360-G,B3_SeasonalNaive,2026-02,0.0,0.0,0.0,0.0,True,0.0
SPACER BOLT CF-A-090-S1-1360-G,B3_SeasonalNaive,2026-03,0.0,500.0,500.0,50000.0,True,500.0
SPACER BOLT CF-A-090-S1-1360-G,B4_MA6,2026-01,0.0,78.0,78.0,7800.0,True,78.0
SPACER BOLT CF-A-090-S1-1360-G,B4_MA6,2026-02,0.0,78.0,78.0,7800.0,True,78.0
SPACER BOLT CF-A-090-S1-1360-G,B4_MA6,2026-03,0.0,78.0,78.0,7800.0,True,78.0
SFC-060DA2-25B-35B,B1_LastMonth,2026-01,200.0,30.0,170.0,85.0,False,-170.0
SFC-060DA2-25B-35B,B1_LastMonth,2026-02,1.0,30.0,29.0,2900.0,False,29.0
SFC-060DA2-25B-35B,B1_LastMonth,2026-03,400.0,30.0,370.0,92.5,False,-370.0
SFC-060DA2-25B-35B,B2_MA3,2026-01,200.0,98.0,102.0,51.0,False,-102.0
SFC-060DA2-25B-35B,B2_MA3,2026-02,1.0,98.0,97.0,9700.0,False,97.0
SFC-060DA2-25B-35B,B2_MA3,2026-03,400.0,98.0,302.0,75.5,False,-302.0
SFC-060DA2-25B-35B,B3_SeasonalNaive,2026-01,200.0,240.0,40.0,20.0,False,40.0
SFC-060DA2-25B-35B,B3_SeasonalNaive,2026-02,1.0,0.0,1.0,100.0,False,-1.0
SFC-060DA2-25B-35B,B3_SeasonalNaive,2026-03,400.0,330.0,70.0,17.5,False,-70.0
SFC-060DA2-25B-35B,B4_MA6,2026-01,200.0,54.166666666666664,145.83333333333334,72.91666666666667,False,-145.83333333333334
SFC-060DA2-25B-35B,B4_MA6,2026-02,1.0,54.166666666666664,53.166666666666664,5316.666666666666,False,53.166666666666664
SFC-060DA2-25B-35B,B4_MA6,2026-03,400.0,54.166666666666664,345.8333333333333,86.45833333333333,False,-345.8333333333333
SFC-050SA2-12B-16B,B1_LastMonth,2026-01,0.0,563.0,563.0,56300.0,True,563.0
SFC-050SA2-12B-16B,B1_LastMonth,2026-02,260.0,563.0,303.0,116.53846153846155,False,303.0
SFC-050SA2-12B-16B,B1_LastMonth,2026-03,341.0,563.0,222.0,65.10263929618768,False,222.0
SFC-050SA2-12B-16B,B2_MA3,2026-01,0.0,313.0,313.0,31300.0,True,313.0
SFC-050SA2-12B-16B,B2_MA3,2026-02,260.0,313.0,53.0,20.384615384615383,False,53.0
SFC-050SA2-12B-16B,B2_MA3,2026-03,341.0,313.0,28.0,8.211143695014663,False,-28.0
SFC-050SA2-12B-16B,B3_SeasonalNaive,2026-01,0.0,0.0,0.0,0.0,True,0.0
SFC-050SA2-12B-16B,B3_SeasonalNaive,2026-02,260.0,0.0,260.0,100.0,False,-260.0
SFC-050SA2-12B-16B,B3_SeasonalNaive,2026-03,341.0,1.0,340.0,99.70674486803519,False,-340.0
SFC-050SA2-12B-16B,B4_MA6,2026-01,0.0,218.16666666666666,218.16666666666666,21816.666666666664,True,218.16666666666666
SFC-050SA2-12B-16B,B4_MA6,2026-02,260.0,218.16666666666666,41.83333333333334,16.089743589743595,False,-41.83333333333334
SFC-050SA2-12B-16B,B4_MA6,2026-03,341.0,218.16666666666666,122.83333333333334,36.02150537634409,False,-122.83333333333334
SFC-040DA2-17B-19B,B1_LastMonth,2026-01,206.0,173.0,33.0,16.019417475728158,False,-33.0
SFC-040DA2-17B-19B,B1_LastMonth,2026-02,158.0,173.0,15.0,9.49367088607595,False,15.0
SFC-040DA2-17B-19B,B1_LastMonth,2026-03,225.0,173.0,52.0,23.11111111111111,False,-52.0
SFC-040DA2-17B-19B,B2_MA3,2026-01,206.0,66.66666666666667,139.33333333333331,67.63754045307444,False,-139.33333333333331
SFC-040DA2-17B-19B,B2_MA3,2026-02,158.0,66.66666666666667,91.33333333333333,57.805907172995774,False,-91.33333333333333
SFC-040DA2-17B-19B,B2_MA3,2026-03,225.0,66.66666666666667,158.33333333333331,70.37037037037037,False,-158.33333333333331
SFC-040DA2-17B-19B,B3_SeasonalNaive,2026-01,206.0,177.0,29.0,14.077669902912621,False,-29.0
SFC-040DA2-17B-19B,B3_SeasonalNaive,2026-02,158.0,12.0,146.0,92.40506329113924,False,-146.0
SFC-040DA2-17B-19B,B3_SeasonalNaive,2026-03,225.0,34.0,191.0,84.88888888888889,False,-191.0
SFC-040DA2-17B-19B,B4_MA6,2026-01,206.0,141.66666666666666,64.33333333333334,31.22977346278318,False,-64.33333333333334
SFC-040DA2-17B-19B,B4_MA6,2026-02,158.0,141.66666666666666,16.333333333333343,10.337552742616039,False,-16.333333333333343
SFC-040DA2-17B-19B,B4_MA6,2026-03,225.0,141.66666666666666,83.33333333333334,37.03703703703704,False,-83.33333333333334
ALS-040ARN-15BHA-16BHA,B1_LastMonth,2026-01,231.0,218.0,13.0,5.627705627705628,False,-13.0
ALS-040ARN-15BHA-16BHA,B1_LastMonth,2026-02,88.0,218.0,130.0,147.72727272727272,False,130.0
ALS-040ARN-15BHA-16BHA,B1_LastMonth,2026-03,160.0,218.0,58.0,36.25,False,58.0
ALS-040ARN-15BHA-16BHA,B2_MA3,2026-01,231.0,145.0,86.0,37.22943722943723,False,-86.0
ALS-040ARN-15BHA-16BHA,B2_MA3,2026-02,88.0,145.0,57.0,64.77272727272727,False,57.0
ALS-040ARN-15BHA-16BHA,B2_MA3,2026-03,160.0,145.0,15.0,9.375,False,-15.0
ALS-040ARN-15BHA-16BHA,B3_SeasonalNaive,2026-01,231.0,170.0,61.0,26.406926406926406,False,-61.0
ALS-040ARN-15BHA-16BHA,B3_SeasonalNaive,2026-02,88.0,117.0,29.0,32.95454545454545,False,29.0
ALS-040ARN-15BHA-16BHA,B3_SeasonalNaive,2026-03,160.0,186.0,26.0,16.25,False,26.0
ALS-040ARN-15BHA-16BHA,B4_MA6,2026-01,231.0,149.5,81.5,35.28138528138528,False,-81.5
ALS-040ARN-15BHA-16BHA,B4_MA6,2026-02,88.0,149.5,61.5,69.88636363636364,False,61.5
ALS-040ARN-15BHA-16BHA,B4_MA6,2026-03,160.0,149.5,10.5,6.5625,False,-10.5
SFC-060DA2-24B-25B,B1_LastMonth,2026-01,402.0,10.0,392.0,97.51243781094527,False,-392.0
SFC-060DA2-24B-25B,B1_LastMonth,2026-02,4.0,10.0,6.0,150.0,False,6.0
SFC-060DA2-24B-25B,B1_LastMonth,2026-03,10.0,10.0,0.0,0.0,False,0.0
SFC-060DA2-24B-25B,B2_MA3,2026-01,402.0,138.0,264.0,65.67164179104478,False,-264.0
SFC-060DA2-24B-25B,B2_MA3,2026-02,4.0,138.0,134.0,3350.0,False,134.0
SFC-060DA2-24B-25B,B2_MA3,2026-03,10.0,138.0,128.0,1280.0,False,128.0
SFC-060DA2-24B-25B,B3_SeasonalNaive,2026-01,402.0,203.0,199.0,49.50248756218906,False,-199.0
SFC-060DA2-24B-25B,B3_SeasonalNaive,2026-02,4.0,0.0,4.0,100.0,False,-4.0
SFC-060DA2-24B-25B,B3_SeasonalNaive,2026-03,10.0,250.0,240.0,2400.0,False,240.0
SFC-060DA2-24B-25B,B4_MA6,2026-01,402.0,103.16666666666667,298.8333333333333,74.33665008291874,False,-298.8333333333333
SFC-060DA2-24B-25B,B4_MA6,2026-02,4.0,103.16666666666667,99.16666666666667,2479.166666666667,False,99.16666666666667
SFC-060DA2-24B-25B,B4_MA6,2026-03,10.0,103.16666666666667,93.16666666666667,931.6666666666666,False,93.16666666666667
SFC-040DA2-12B-19B,B1_LastMonth,2026-01,65.0,310.0,245.0,376.9230769230769,False,245.0
SFC-040DA2-12B-19B,B1_LastMonth,2026-02,20.0,310.0,290.0,1450.0,False,290.0
SFC-040DA2-12B-19B,B1_LastMonth,2026-03,112.0,310.0,198.0,176.78571428571428,False,198.0
SFC-040DA2-12B-19B,B2_MA3,2026-01,65.0,215.66666666666666,150.66666666666666,231.79487179487177,False,150.66666666666666
SFC-040DA2-12B-19B,B2_MA3,2026-02,20.0,215.66666666666666,195.66666666666666,978.3333333333334,False,195.66666666666666
SFC-040DA2-12B-19B,B2_MA3,2026-03,112.0,215.66666666666666,103.66666666666666,92.5595238095238,False,103.66666666666666
SFC-040DA2-12B-19B,B3_SeasonalNaive,2026-01,65.0,171.0,106.0,163.07692307692307,False,106.0
SFC-040DA2-12B-19B,B3_SeasonalNaive,2026-02,20.0,137.0,117.0,585.0,False,117.0
SFC-040DA2-12B-19B,B3_SeasonalNaive,2026-03,112.0,171.0,59.0,52.67857142857143,False,59.0
SFC-040DA2-12B-19B,B4_MA6,2026-01,65.0,173.0,108.0,166.15384615384616,False,108.0
SFC-040DA2-12B-19B,B4_MA6,2026-02,20.0,173.0,153.0,765.0,False,153.0
SFC-040DA2-12B-19B,B4_MA6,2026-03,112.0,173.0,61.0,54.46428571428571,False,61.0
ALS-055ARN-18BHA-22BHA,B1_LastMonth,2026-01,301.0,200.0,101.0,33.5548172757475,False,-101.0
ALS-055ARN-18BHA-22BHA,B1_LastMonth,2026-02,653.0,200.0,453.0,69.37212863705973,False,-453.0
ALS-055ARN-18BHA-22BHA,B1_LastMonth,2026-03,400.0,200.0,200.0,50.0,False,-200.0
ALS-055ARN-18BHA-22BHA,B2_MA3,2026-01,301.0,140.33333333333334,160.66666666666666,53.37763012181617,False,-160.66666666666666
ALS-055ARN-18BHA-22BHA,B2_MA3,2026-02,653.0,140.33333333333334,512.6666666666666,78.50944359367024,False,-512.6666666666666
ALS-055ARN-18BHA-22BHA,B2_MA3,2026-03,400.0,140.33333333333334,259.66666666666663,64.91666666666666,False,-259.66666666666663
ALS-055ARN-18BHA-22BHA,B3_SeasonalNaive,2026-01,301.0,0.0,301.0,100.0,False,-301.0
ALS-055ARN-18BHA-22BHA,B3_SeasonalNaive,2026-02,653.0,0.0,653.0,100.0,False,-653.0
ALS-055ARN-18BHA-22BHA,B3_SeasonalNaive,2026-03,400.0,0.0,400.0,100.0,False,-400.0
ALS-055ARN-18BHA-22BHA,B4_MA6,2026-01,301.0,110.16666666666667,190.83333333333331,63.39977851605758,False,-190.83333333333331
ALS-055ARN-18BHA-22BHA,B4_MA6,2026-02,653.0,110.16666666666667,542.8333333333334,83.12914752424707,False,-542.8333333333334
ALS-055ARN-18BHA-22BHA,B4_MA6,2026-03,400.0,110.16666666666667,289.8333333333333,72.45833333333333,False,-289.8333333333333
SFC-050SA2-17B-19B,B1_LastMonth,2026-01,112.0,1.0,111.0,99.10714285714286,False,-111.0
SFC-050SA2-17B-19B,B1_LastMonth,2026-02,203.0,1.0,202.0,99.50738916256158,False,-202.0
SFC-050SA2-17B-19B,B1_LastMonth,2026-03,200.0,1.0,199.0,99.5,False,-199.0
SFC-050SA2-17B-19B,B2_MA3,2026-01,112.0,84.0,28.0,25.0,False,-28.0
SFC-050SA2-17B-19B,B2_MA3,2026-02,203.0,84.0,119.0,58.620689655172406,False,-119.0
SFC-050SA2-17B-19B,B2_MA3,2026-03,200.0,84.0,116.0,57.99999999999999,False,-116.0
SFC-050SA2-17B-19B,B3_SeasonalNaive,2026-01,112.0,102.0,10.0,8.928571428571429,False,-10.0
SFC-050SA2-17B-19B,B3_SeasonalNaive,2026-02,203.0,34.0,169.0,83.2512315270936,False,-169.0
SFC-050SA2-17B-19B,B3_SeasonalNaive,2026-03,200.0,142.0,58.0,28.999999999999996,False,-58.0
SFC-050SA2-17B-19B,B4_MA6,2026-01,112.0,201.66666666666666,89.66666666666666,80.0595238095238,False,89.66666666666666
SFC-050SA2-17B-19B,B4_MA6,2026-02,203.0,201.66666666666666,1.3333333333333428,0.6568144499179028,False,-1.3333333333333428
SFC-050SA2-17B-19B,B4_MA6,2026-03,200.0,201.66666666666666,1.6666666666666572,0.8333333333333286,False,1.6666666666666572
ALS-030ARN-8BHA-14BHA,B1_LastMonth,2026-01,0.0,112.0,112.0,11200.0,True,112.0
ALS-030ARN-8BHA-14BHA,B1_LastMonth,2026-02,51.0,112.0,61.0,119.6078431372549,False,61.0
ALS-030ARN-8BHA-14BHA,B1_LastMonth,2026-03,251.0,112.0,139.0,55.37848605577689,False,-139.0
ALS-030ARN-8BHA-14BHA,B2_MA3,2026-01,0.0,117.0,117.0,11700.0,True,117.0
ALS-030ARN-8BHA-14BHA,B2_MA3,2026-02,51.0,117.0,66.0,129.41176470588235,False,66.0
ALS-030ARN-8BHA-14BHA,B2_MA3,2026-03,251.0,117.0,134.0,53.38645418326693,False,-134.0
ALS-030ARN-8BHA-14BHA,B3_SeasonalNaive,2026-01,0.0,29.0,29.0,2900.0,True,29.0
ALS-030ARN-8BHA-14BHA,B3_SeasonalNaive,2026-02,51.0,0.0,51.0,100.0,False,-51.0
ALS-030ARN-8BHA-14BHA,B3_SeasonalNaive,2026-03,251.0,215.0,36.0,14.342629482071715,False,-36.0
ALS-030ARN-8BHA-14BHA,B4_MA6,2026-01,0.0,143.33333333333334,143.33333333333334,14333.333333333334,True,143.33333333333334
ALS-030ARN-8BHA-14BHA,B4_MA6,2026-02,51.0,143.33333333333334,92.33333333333334,181.04575163398695,False,92.33333333333334
ALS-030ARN-8BHA-14BHA,B4_MA6,2026-03,251.0,143.33333333333334,107.66666666666666,42.895086321381136,False,-107.66666666666666
ALS-030ABN-10BHA-14BHA,B1_LastMonth,2026-01,208.0,220.0,12.0,5.769230769230769,False,12.0
ALS-030ABN-10BHA-14BHA,B1_LastMonth,2026-02,294.0,220.0,74.0,25.170068027210885,False,-74.0
ALS-030ABN-10BHA-14BHA,B1_LastMonth,2026-03,150.0,220.0,70.0,46.666666666666664,False,70.0
ALS-030ABN-10BHA-14BHA,B2_MA3,2026-01,208.0,173.33333333333334,34.66666666666666,16.666666666666664,False,-34.66666666666666
ALS-030ABN-10BHA-14BHA,B2_MA3,2026-02,294.0,173.33333333333334,120.66666666666666,41.043083900226755,False,-120.66666666666666
ALS-030ABN-10BHA-14BHA,B2_MA3,2026-03,150.0,173.33333333333334,23.333333333333343,15.55555555555556,False,23.333333333333343
ALS-030ABN-10BHA-14BHA,B3_SeasonalNaive,2026-01,208.0,0.0,208.0,100.0,False,-208.0
ALS-030ABN-10BHA-14BHA,B3_SeasonalNaive,2026-02,294.0,64.0,230.0,78.2312925170068,False,-230.0
ALS-030ABN-10BHA-14BHA,B3_SeasonalNaive,2026-03,150.0,0.0,150.0,100.0,False,-150.0
ALS-030ABN-10BHA-14BHA,B4_MA6,2026-01,208.0,138.33333333333334,69.66666666666666,33.493589743589745,False,-69.66666666666666
ALS-030ABN-10BHA-14BHA,B4_MA6,2026-02,294.0,138.33333333333334,155.66666666666666,52.94784580498866,False,-155.66666666666666
ALS-030ABN-10BHA-14BHA,B4_MA6,2026-03,150.0,138.33333333333334,11.666666666666657,7.777777777777771,False,-11.666666666666657
ALS-055ARN-20BHA-22BHA,B1_LastMonth,2026-01,454.0,20.0,434.0,95.59471365638767,False,-434.0
ALS-055ARN-20BHA-22BHA,B1_LastMonth,2026-02,0.0,20.0,20.0,2000.0,True,20.0
ALS-055ARN-20BHA-22BHA,B1_LastMonth,2026-03,44.0,20.0,24.0,54.54545454545454,False,-24.0
ALS-055ARN-20BHA-22BHA,B2_MA3,2026-01,454.0,107.33333333333333,346.6666666666667,76.3582966226138,False,-346.6666666666667
ALS-055ARN-20BHA-22BHA,B2_MA3,2026-02,0.0,107.33333333333333,107.33333333333333,10733.333333333332,True,107.33333333333333
ALS-055ARN-20BHA-22BHA,B2_MA3,2026-03,44.0,107.33333333333333,63.33333333333333,143.9393939393939,False,63.33333333333333
ALS-055ARN-20BHA-22BHA,B3_SeasonalNaive,2026-01,454.0,10.0,444.0,97.79735682819384,False,-444.0
ALS-055ARN-20BHA-22BHA,B3_SeasonalNaive,2026-02,0.0,0.0,0.0,0.0,True,0.0
ALS-055ARN-20BHA-22BHA,B3_SeasonalNaive,2026-03,44.0,310.0,266.0,604.5454545454546,False,266.0
ALS-055ARN-20BHA-22BHA,B4_MA6,2026-01,454.0,142.16666666666666,311.83333333333337,68.68575624082233,False,-311.83333333333337
ALS-055ARN-20BHA-22BHA,B4_MA6,2026-02,0.0,142.16666666666666,142.16666666666666,14216.666666666666,True,142.16666666666666
ALS-055ARN-20BHA-22BHA,B4_MA6,2026-03,44.0,142.16666666666666,98.16666666666666,223.1060606060606,False,98.16666666666666
