sku,period,model,actual,pred,abs_err,pct_err,signed_err
CPG-030-T007A,2025-10,B1_LastMonth,0.0,12000.0,12000.0,,12000.0
CPG-030-T007A,2025-10,B2_MA3,0.0,10000.0,10000.0,,10000.0
CPG-030-T007A,2025-10,B4_MA6,0.0,9000.0,9000.0,,9000.0
CPG-030-T007A,2025-10,B3_SeasonalNaive,0.0,7555.555555555556,7555.555555555556,,7555.555555555556
CPG-030-T007A,2025-10,M1_AutoETS,0.0,7537.39155501819,7537.39155501819,,7537.39155501819
CPG-030-T007A,2025-10,M2_Croston,0.0,10176.340036330272,10176.340036330272,,10176.340036330272
CPG-030-T007A,2025-10,M3_LightGBM,0.0,10000.0,10000.0,,10000.0
CPG-030-T007A,2025-11,B1_LastMonth,6000.0,0.0,6000.0,100.0,-6000.0
CPG-030-T007A,2025-11,B2_MA3,6000.0,10000.0,4000.0,66.66666666666666,4000.0
CPG-030-T007A,2025-11,B4_MA6,6000.0,8333.333333333334,2333.333333333334,38.8888888888889,2333.333333333334
CPG-030-T007A,2025-11,B3_SeasonalNaive,6000.0,6800.0,800.0,13.333333333333334,800.0
CPG-030-T007A,2025-11,M1_AutoETS,6000.0,6794.996323889724,794.9963238897244,13.249938731495407,794.9963238897244
CPG-030-T007A,2025-11,M2_Croston,6000.0,10176.340036330272,4176.340036330272,69.60566727217119,4176.340036330272
CPG-030-T007A,2025-11,M3_LightGBM,6000.0,7500.0,1500.0,25.0,1500.0
CPG-030-T007A,2025-12,B1_LastMonth,12040.0,6000.0,6040.0,50.16611295681063,-6040.0
CPG-030-T007A,2025-12,B2_MA3,12040.0,6000.0,6040.0,50.16611295681063,-6040.0
CPG-030-T007A,2025-12,B4_MA6,12040.0,8000.0,4040.0,33.5548172757475,-4040.0
CPG-030-T007A,2025-12,B3_SeasonalNaive,12040.0,6727.272727272727,5312.727272727273,44.12564180006041,-5312.727272727273
CPG-030-T007A,2025-12,M1_AutoETS,12040.0,6720.009495168271,5319.990504831729,44.18596764810406,-5319.990504831729
CPG-030-T007A,2025-12,M2_Croston,12040.0,6609.974988568925,5430.025011431075,45.09987551022488,-5430.025011431075
CPG-030-T007A,2025-12,M3_LightGBM,12040.0,2304.8877034505235,9735.112296549476,80.85641442316842,-9735.112296549476
CPG-030-T007A,2026-01,B1_LastMonth,12000.0,12040.0,40.0,0.33333333333333337,40.0
CPG-030-T007A,2026-01,B2_MA3,12000.0,6013.333333333333,5986.666666666667,49.88888888888889,-5986.666666666667
CPG-030-T007A,2026-01,B4_MA6,12000.0,8006.666666666667,3993.333333333333,33.27777777777777,-3993.333333333333
CPG-030-T007A,2026-01,B3_SeasonalNaive,12000.0,6000.0,6000.0,50.0,-6000.0
CPG-030-T007A,2026-01,M1_AutoETS,12000.0,7163.934857424631,4836.065142575369,40.300542854794735,-4836.065142575369
CPG-030-T007A,2026-01,M2_Croston,12000.0,8333.37720724219,3666.6227927578093,30.555189939648407,-3666.6227927578093
CPG-030-T007A,2026-01,M3_LightGBM,12000.0,5945.081529947917,6054.918470052083,50.457653917100686,-6054.918470052083
CPG-030-T007A,2026-02,B1_LastMonth,12000.0,12000.0,0.0,0.0,0.0
CPG-030-T007A,2026-02,B2_MA3,12000.0,10013.333333333334,1986.666666666666,16.55555555555555,-1986.666666666666
CPG-030-T007A,2026-02,B4_MA6,12000.0,10006.666666666666,1993.333333333334,16.611111111111114,-1993.333333333334
CPG-030-T007A,2026-02,B3_SeasonalNaive,12000.0,4000.0,8000.0,66.66666666666666,-8000.0
CPG-030-T007A,2026-02,M1_AutoETS,12000.0,7530.566893478126,4469.433106521874,37.24527588768228,-4469.433106521874
CPG-030-T007A,2026-02,M2_Croston,12000.0,9272.924255266644,2727.0757447333563,22.725631206111302,-2727.0757447333563
CPG-030-T007A,2026-02,M3_LightGBM,12000.0,0.0,12000.0,100.0,-12000.0
CPG-030-T007A,2026-03,B1_LastMonth,0.0,12000.0,12000.0,,12000.0
CPG-030-T007A,2026-03,B2_MA3,0.0,12013.333333333334,12013.333333333334,,12013.333333333334
CPG-030-T007A,2026-03,B4_MA6,0.0,9006.666666666666,9006.666666666666,,9006.666666666666
CPG-030-T007A,2026-03,B3_SeasonalNaive,0.0,4000.0,4000.0,,4000.0
CPG-030-T007A,2026-03,M1_AutoETS,0.0,7864.23319787796,7864.23319787796,,7864.23319787796
CPG-030-T007A,2026-03,M2_Croston,0.0,9868.363886064984,9868.363886064984,,9868.363886064984
CPG-030-T007A,2026-03,M3_LightGBM,0.0,12447.651147130322,12447.651147130322,,12447.651147130322
SFC-030SA2-10B-14B,2025-10,B1_LastMonth,407.0,776.0,369.0,90.66339066339066,369.0
SFC-030SA2-10B-14B,2025-10,B2_MA3,407.0,811.3333333333334,404.33333333333337,99.34479934479936,404.33333333333337
SFC-030SA2-10B-14B,2025-10,B4_MA6,407.0,2095.8333333333335,1688.8333333333335,414.946764946765,1688.8333333333335
SFC-030SA2-10B-14B,2025-10,B3_SeasonalNaive,407.0,1772.888888888889,1365.888888888889,335.5992355992356,1365.888888888889
SFC-030SA2-10B-14B,2025-10,M1_AutoETS,407.0,1779.7214760212578,1372.7214760212578,337.27800393642696,1372.7214760212578
SFC-030SA2-10B-14B,2025-10,M2_Croston,407.0,1978.132896221839,1571.132896221839,386.02773862944446,1571.132896221839
SFC-030SA2-10B-14B,2025-10,M3_LightGBM,407.0,811.3333333333334,404.33333333333337,99.34479934479936,404.33333333333337
SFC-030SA2-10B-14B,2025-11,B1_LastMonth,1503.0,407.0,1096.0,72.9208250166334,-1096.0
SFC-030SA2-10B-14B,2025-11,B2_MA3,1503.0,840.6666666666666,662.3333333333334,44.0674207141273,-662.3333333333334
SFC-030SA2-10B-14B,2025-11,B4_MA6,1503.0,1583.1666666666667,80.16666666666674,5.333776890663123,80.16666666666674
SFC-030SA2-10B-14B,2025-11,B3_SeasonalNaive,1503.0,1636.3,133.29999999999995,8.868928809048567,133.29999999999995
SFC-030SA2-10B-14B,2025-11,M1_AutoETS,1503.0,1640.0937280193255,137.09372801932545,9.12133918957588,137.09372801932545
SFC-030SA2-10B-14B,2025-11,M2_Croston,1503.0,1682.5027756803922,179.50277568039223,11.942965780465219,179.50277568039223
SFC-030SA2-10B-14B,2025-11,M3_LightGBM,1503.0,710.25,792.75,52.74451097804391,-792.75
SFC-030SA2-10B-14B,2025-12,B1_LastMonth,1713.0,1503.0,210.0,12.259194395796849,-210.0
SFC-030SA2-10B-14B,2025-12,B2_MA3,1713.0,895.3333333333334,817.6666666666666,47.73302198871375,-817.6666666666666
SFC-030SA2-10B-14B,2025-12,B4_MA6,1713.0,1419.8333333333333,293.16666666666674,17.114224557306873,-293.16666666666674
SFC-030SA2-10B-14B,2025-12,B3_SeasonalNaive,1713.0,1624.1818181818182,88.81818181818176,5.1849493180491395,-88.81818181818176
SFC-030SA2-10B-14B,2025-12,M1_AutoETS,1713.0,1625.6419600015604,87.35803999843961,5.0997104494127035,-87.35803999843961
SFC-030SA2-10B-14B,2025-12,M2_Croston,1713.0,1624.5392114411889,88.46078855881115,5.164085730228321,-88.46078855881115
SFC-030SA2-10B-14B,2025-12,M3_LightGBM,1713.0,1002.3837844848634,710.6162155151366,41.483725365740604,-710.6162155151366
SFC-030SA2-10B-14B,2026-01,B1_LastMonth,1150.0,1713.0,563.0,48.95652173913044,563.0
SFC-030SA2-10B-14B,2026-01,B2_MA3,1150.0,1207.6666666666667,57.66666666666674,5.014492753623195,57.66666666666674
SFC-030SA2-10B-14B,2026-01,B4_MA6,1150.0,1009.5,140.5,12.217391304347826,-140.5
SFC-030SA2-10B-14B,2026-01,B3_SeasonalNaive,1150.0,2403.0,1253.0,108.95652173913044,1253.0
SFC-030SA2-10B-14B,2026-01,M1_AutoETS,1150.0,1627.4761582450528,477.47615824505283,41.51966593435242,477.47615824505283
SFC-030SA2-10B-14B,2026-01,M2_Croston,1150.0,1647.9334664976825,497.9334664976825,43.2985623041463,497.9334664976825
SFC-030SA2-10B-14B,2026-01,M3_LightGBM,1150.0,1321.6206287765515,171.62062877655148,14.923532937091434,171.62062877655148
SFC-030SA2-10B-14B,2026-02,B1_LastMonth,1754.0,1150.0,604.0,34.43557582668187,-604.0
SFC-030SA2-10B-14B,2026-02,B2_MA3,1754.0,1455.3333333333333,298.66666666666674,17.027746104142917,-298.66666666666674
SFC-030SA2-10B-14B,2026-02,B4_MA6,1754.0,1148.0,606.0,34.54960091220068,-606.0
SFC-030SA2-10B-14B,2026-02,B3_SeasonalNaive,1754.0,964.0,790.0,45.03990877993159,-790.0
SFC-030SA2-10B-14B,2026-02,M1_AutoETS,1754.0,1595.6306384998488,158.36936150015117,9.029039994307364,-158.36936150015117
SFC-030SA2-10B-14B,2026-02,M2_Croston,1754.0,1534.8233032692121,219.17669673078785,12.495820794229639,-219.17669673078785
SFC-030SA2-10B-14B,2026-02,M3_LightGBM,1754.0,1466.2265972319099,287.77340276809014,16.40669343033581,-287.77340276809014
SFC-030SA2-10B-14B,2026-03,B1_LastMonth,601.0,1754.0,1153.0,191.846921797005,1153.0
SFC-030SA2-10B-14B,2026-03,B2_MA3,601.0,1539.0,938.0,156.07321131447586,938.0
SFC-030SA2-10B-14B,2026-03,B4_MA6,601.0,1217.1666666666667,616.1666666666667,102.52357182473656,616.1666666666667
SFC-030SA2-10B-14B,2026-03,B3_SeasonalNaive,601.0,14.0,587.0,97.67054908485858,-587.0
SFC-030SA2-10B-14B,2026-03,M1_AutoETS,601.0,1603.694855620502,1002.694855620502,166.83774635948453,1002.694855620502
SFC-030SA2-10B-14B,2026-03,M2_Croston,601.0,1582.0639855064123,981.0639855064123,163.23859991787225,981.0639855064123
SFC-030SA2-10B-14B,2026-03,M3_LightGBM,601.0,1331.7466697120665,730.7466697120665,121.58846417838045,730.7466697120665
BXR-13-20-A-22,2025-10,B1_LastMonth,2970.0,3510.0,540.0,18.181818181818183,540.0
BXR-13-20-A-22,2025-10,B2_MA3,2970.0,3330.0,360.0,12.121212121212121,360.0
BXR-13-20-A-22,2025-10,B4_MA6,2970.0,3285.0,315.0,10.606060606060606,315.0
BXR-13-20-A-22,2025-10,B3_SeasonalNaive,2970.0,3150.0,180.0,6.0606060606060606,180.0
BXR-13-20-A-22,2025-10,M1_AutoETS,2970.0,3151.599152332264,181.5991523322641,6.1144495734769055,181.5991523322641
BXR-13-20-A-22,2025-10,M2_Croston,2970.0,3072.8856173882014,102.88561738820135,3.464162201622941,102.88561738820135
BXR-13-20-A-22,2025-10,M3_LightGBM,2970.0,3330.0,360.0,12.121212121212121,360.0
BXR-13-20-A-22,2025-11,B1_LastMonth,4860.0,2970.0,1890.0,38.88888888888889,-1890.0
BXR-13-20-A-22,2025-11,B2_MA3,4860.0,3510.0,1350.0,27.77777777777778,-1350.0
BXR-13-20-A-22,2025-11,B4_MA6,4860.0,2835.0,2025.0,41.66666666666667,-2025.0
BXR-13-20-A-22,2025-11,B3_SeasonalNaive,4860.0,3132.0,1728.0,35.55555555555556,-1728.0
BXR-13-20-A-22,2025-11,M1_AutoETS,4860.0,3133.5898473430325,1726.4101526569675,35.522842647262706,-1726.4101526569675
BXR-13-20-A-22,2025-11,M2_Croston,4860.0,3045.8975866907663,1814.1024133092337,37.32721015039576,-1814.1024133092337
BXR-13-20-A-22,2025-11,M3_LightGBM,4860.0,3240.0,1620.0,33.33333333333333,-1620.0
BXR-13-20-A-22,2025-12,B1_LastMonth,0.0,4860.0,4860.0,,4860.0
BXR-13-20-A-22,2025-12,B2_MA3,0.0,3780.0,3780.0,,3780.0
BXR-13-20-A-22,2025-12,B4_MA6,0.0,3240.0,3240.0,,3240.0
BXR-13-20-A-22,2025-12,B3_SeasonalNaive,0.0,3289.090909090909,3289.090909090909,,3289.090909090909
BXR-13-20-A-22,2025-12,M1_AutoETS,0.0,3285.9273124876404,3285.9273124876404,,3285.9273124876404
BXR-13-20-A-22,2025-12,M2_Croston,0.0,3528.547508493475,3528.547508493475,,3528.547508493475
BXR-13-20-A-22,2025-12,M3_LightGBM,0.0,3684.4261030340203,3684.4261030340203,,3684.4261030340203
BXR-13-20-A-22,2026-01,B1_LastMonth,0.0,0.0,0.0,,0.0
BXR-13-20-A-22,2026-01,B2_MA3,0.0,2610.0,2610.0,,2610.0
BXR-13-20-A-22,2026-01,B4_MA6,0.0,2970.0,2970.0,,2970.0
BXR-13-20-A-22,2026-01,B3_SeasonalNaive,0.0,2160.0,2160.0,,2160.0
BXR-13-20-A-22,2026-01,M1_AutoETS,0.0,3013.9191870117606,3013.9191870117606,,3013.9191870117606
BXR-13-20-A-22,2026-01,M2_Croston,0.0,3528.547508493475,3528.547508493475,,3528.547508493475
BXR-13-20-A-22,2026-01,M3_LightGBM,0.0,3798.239211724599,3798.239211724599,,3798.239211724599
BXR-13-20-A-22,2026-02,B1_LastMonth,0.0,0.0,0.0,,0.0
BXR-13-20-A-22,2026-02,B2_MA3,0.0,1620.0,1620.0,,1620.0
BXR-13-20-A-22,2026-02,B4_MA6,0.0,2565.0,2565.0,,2565.0
BXR-13-20-A-22,2026-02,B3_SeasonalNaive,0.0,3240.0,3240.0,,3240.0
BXR-13-20-A-22,2026-02,M1_AutoETS,0.0,2785.292410430576,2785.292410430576,,2785.292410430576
BXR-13-20-A-22,2026-02,M2_Croston,0.0,3528.547508493475,3528.547508493475,,3528.547508493475
BXR-13-20-A-22,2026-02,M3_LightGBM,0.0,3443.566636991955,3443.566636991955,,3443.566636991955
BXR-13-20-A-22,2026-03,B1_LastMonth,0.0,0.0,0.0,,0.0
BXR-13-20-A-22,2026-03,B2_MA3,0.0,0.0,0.0,,0.0
BXR-13-20-A-22,2026-03,B4_MA6,0.0,1890.0,1890.0,,1890.0
BXR-13-20-A-22,2026-03,B3_SeasonalNaive,0.0,3240.0,3240.0,,3240.0
BXR-13-20-A-22,2026-03,M1_AutoETS,0.0,895.9937169105226,895.9937169105226,,895.9937169105226
BXR-13-20-A-22,2026-03,M2_Croston,0.0,3528.547508493475,3528.547508493475,,3528.547508493475
BXR-13-20-A-22,2026-03,M3_LightGBM,0.0,590.9259746261446,590.9259746261446,,590.9259746261446
