sku,period,model,actual,pred,abs_err,signed_err
CPG-030-T007A,2025-10,B1_LastMonth,0.0,12000.0,12000.0,12000.0
CPG-030-T007A,2025-10,B2_MA3,0.0,10000.0,10000.0,10000.0
CPG-030-T007A,2025-10,B4_MA6,0.0,9000.0,9000.0,9000.0
CPG-030-T007A,2025-10,B3_SeasonalNaive,0.0,7555.555555555556,7555.555555555556,7555.555555555556
CPG-030-T007A,2025-10,M1_AutoETS,0.0,7537.39155501819,7537.39155501819,7537.39155501819
CPG-030-T007A,2025-10,M2_Croston,0.0,10176.340036330272,10176.340036330272,10176.340036330272
CPG-030-T007A,2025-10,M3_LightGBM,0.0,10000.0,10000.0,10000.0
CPG-030-T007A,2025-11,B1_LastMonth,6000.0,0.0,6000.0,-6000.0
CPG-030-T007A,2025-11,B2_MA3,6000.0,10000.0,4000.0,4000.0
CPG-030-T007A,2025-11,B4_MA6,6000.0,8333.333333333334,2333.333333333334,2333.333333333334
CPG-030-T007A,2025-11,B3_SeasonalNaive,6000.0,6800.0,800.0,800.0
CPG-030-T007A,2025-11,M1_AutoETS,6000.0,6794.996323889724,794.9963238897244,794.9963238897244
CPG-030-T007A,2025-11,M2_Croston,6000.0,10176.340036330272,4176.340036330272,4176.340036330272
CPG-030-T007A,2025-11,M3_LightGBM,6000.0,7500.0,1500.0,1500.0
CPG-030-T007A,2025-12,B1_LastMonth,12040.0,6000.0,6040.0,-6040.0
CPG-030-T007A,2025-12,B2_MA3,12040.0,6000.0,6040.0,-6040.0
CPG-030-T007A,2025-12,B4_MA6,12040.0,8000.0,4040.0,-4040.0
CPG-030-T007A,2025-12,B3_SeasonalNaive,12040.0,6727.272727272727,5312.727272727273,-5312.727272727273
CPG-030-T007A,2025-12,M1_AutoETS,12040.0,6720.009495168271,5319.990504831729,-5319.990504831729
CPG-030-T007A,2025-12,M2_Croston,12040.0,6609.974988568925,5430.025011431075,-5430.025011431075
CPG-030-T007A,2025-12,M3_LightGBM,12040.0,2304.8877034505235,9735.112296549476,-9735.112296549476
CPG-030-T007A,2026-01,B1_LastMonth,12000.0,12040.0,40.0,40.0
CPG-030-T007A,2026-01,B2_MA3,12000.0,6013.333333333333,5986.666666666667,-5986.666666666667
CPG-030-T007A,2026-01,B4_MA6,12000.0,8006.666666666667,3993.333333333333,-3993.333333333333
CPG-030-T007A,2026-01,B3_SeasonalNaive,12000.0,6000.0,6000.0,-6000.0
CPG-030-T007A,2026-01,M1_AutoETS,12000.0,7163.934857424631,4836.065142575369,-4836.065142575369
CPG-030-T007A,2026-01,M2_Croston,12000.0,8333.37720724219,3666.622792757809,-3666.622792757809
CPG-030-T007A,2026-01,M3_LightGBM,12000.0,5945.081529947917,6054.918470052083,-6054.918470052083
CPG-030-T007A,2026-02,B1_LastMonth,12000.0,12000.0,0.0,0.0
CPG-030-T007A,2026-02,B2_MA3,12000.0,10013.333333333334,1986.666666666666,-1986.666666666666
CPG-030-T007A,2026-02,B4_MA6,12000.0,10006.666666666666,1993.333333333334,-1993.333333333334
CPG-030-T007A,2026-02,B3_SeasonalNaive,12000.0,4000.0,8000.0,-8000.0
CPG-030-T007A,2026-02,M1_AutoETS,12000.0,7530.566893478126,4469.433106521874,-4469.433106521874
CPG-030-T007A,2026-02,M2_Croston,12000.0,9272.924255266644,2727.0757447333563,-2727.0757447333563
CPG-030-T007A,2026-02,M3_LightGBM,12000.0,0.0,12000.0,-12000.0
CPG-030-T007A,2026-03,B1_LastMonth,0.0,12000.0,12000.0,12000.0
CPG-030-T007A,2026-03,B2_MA3,0.0,12013.333333333334,12013.333333333334,12013.333333333334
CPG-030-T007A,2026-03,B4_MA6,0.0,9006.666666666666,9006.666666666666,9006.666666666666
CPG-030-T007A,2026-03,B3_SeasonalNaive,0.0,4000.0,4000.0,4000.0
CPG-030-T007A,2026-03,M1_AutoETS,0.0,7864.23319787796,7864.23319787796,7864.23319787796
CPG-030-T007A,2026-03,M2_Croston,0.0,9868.363886064984,9868.363886064984,9868.363886064984
CPG-030-T007A,2026-03,M3_LightGBM,0.0,12447.651147130322,12447.651147130322,12447.651147130322
SFC-030SA2-10B-14B,2025-10,B1_LastMonth,407.0,776.0,369.0,369.0
SFC-030SA2-10B-14B,2025-10,B2_MA3,407.0,811.3333333333334,404.33333333333337,404.33333333333337
SFC-030SA2-10B-14B,2025-10,B4_MA6,407.0,2095.833333333333,1688.8333333333337,1688.8333333333337
SFC-030SA2-10B-14B,2025-10,B3_SeasonalNaive,407.0,1772.888888888889,1365.888888888889,1365.888888888889
SFC-030SA2-10B-14B,2025-10,M1_AutoETS,407.0,1779.7214760212578,1372.7214760212578,1372.7214760212578
SFC-030SA2-10B-14B,2025-10,M2_Croston,407.0,1978.132896221839,1571.132896221839,1571.132896221839
SFC-030SA2-10B-14B,2025-10,M3_LightGBM,407.0,811.3333333333334,404.33333333333337,404.33333333333337
SFC-030SA2-10B-14B,2025-11,B1_LastMonth,1503.0,407.0,1096.0,-1096.0
SFC-030SA2-10B-14B,2025-11,B2_MA3,1503.0,840.6666666666666,662.3333333333334,-662.3333333333334
SFC-030SA2-10B-14B,2025-11,B4_MA6,1503.0,1583.1666666666667,80.16666666666674,80.16666666666674
SFC-030SA2-10B-14B,2025-11,B3_SeasonalNaive,1503.0,1636.3,133.29999999999995,133.29999999999995
SFC-030SA2-10B-14B,2025-11,M1_AutoETS,1503.0,1640.0937280193257,137.09372801932545,137.09372801932545
SFC-030SA2-10B-14B,2025-11,M2_Croston,1503.0,1682.5027756803922,179.50277568039223,179.50277568039223
SFC-030SA2-10B-14B,2025-11,M3_LightGBM,1503.0,710.25,792.75,-792.75
SFC-030SA2-10B-14B,2025-12,B1_LastMonth,1713.0,1503.0,210.0,-210.0
SFC-030SA2-10B-14B,2025-12,B2_MA3,1713.0,895.3333333333334,817.6666666666666,-817.6666666666666
SFC-030SA2-10B-14B,2025-12,B4_MA6,1713.0,1419.8333333333333,293.16666666666674,-293.16666666666674
SFC-030SA2-10B-14B,2025-12,B3_SeasonalNaive,1713.0,1624.1818181818182,88.81818181818176,-88.81818181818176
SFC-030SA2-10B-14B,2025-12,M1_AutoETS,1713.0,1625.6419600015604,87.35803999843961,-87.35803999843961
SFC-030SA2-10B-14B,2025-12,M2_Croston,1713.0,1624.5392114411889,88.46078855881115,-88.46078855881115
SFC-030SA2-10B-14B,2025-12,M3_LightGBM,1713.0,1002.3837844848634,710.6162155151366,-710.6162155151366
SFC-030SA2-10B-14B,2026-01,B1_LastMonth,1150.0,1713.0,563.0,563.0
SFC-030SA2-10B-14B,2026-01,B2_MA3,1150.0,1207.6666666666667,57.66666666666674,57.66666666666674
SFC-030SA2-10B-14B,2026-01,B4_MA6,1150.0,1009.5,140.5,-140.5
SFC-030SA2-10B-14B,2026-01,B3_SeasonalNaive,1150.0,2403.0,1253.0,1253.0
SFC-030SA2-10B-14B,2026-01,M1_AutoETS,1150.0,1627.4761582450528,477.4761582450528,477.4761582450528
SFC-030SA2-10B-14B,2026-01,M2_Croston,1150.0,1647.9334664976825,497.9334664976825,497.9334664976825
SFC-030SA2-10B-14B,2026-01,M3_LightGBM,1150.0,1321.6206287765517,171.62062877655148,171.62062877655148
SFC-030SA2-10B-14B,2026-02,B1_LastMonth,1754.0,1150.0,604.0,-604.0
SFC-030SA2-10B-14B,2026-02,B2_MA3,1754.0,1455.3333333333333,298.66666666666674,-298.66666666666674
SFC-030SA2-10B-14B,2026-02,B4_MA6,1754.0,1148.0,606.0,-606.0
SFC-030SA2-10B-14B,2026-02,B3_SeasonalNaive,1754.0,964.0,790.0,-790.0
SFC-030SA2-10B-14B,2026-02,M1_AutoETS,1754.0,1595.6306384998488,158.36936150015117,-158.36936150015117
SFC-030SA2-10B-14B,2026-02,M2_Croston,1754.0,1534.823303269212,219.17669673078785,-219.17669673078785
SFC-030SA2-10B-14B,2026-02,M3_LightGBM,1754.0,1466.22659723191,287.77340276809014,-287.77340276809014
SFC-030SA2-10B-14B,2026-03,B1_LastMonth,601.0,1754.0,1153.0,1153.0
SFC-030SA2-10B-14B,2026-03,B2_MA3,601.0,1539.0,938.0,938.0
SFC-030SA2-10B-14B,2026-03,B4_MA6,601.0,1217.1666666666667,616.1666666666667,616.1666666666667
SFC-030SA2-10B-14B,2026-03,B3_SeasonalNaive,601.0,14.0,587.0,-587.0
SFC-030SA2-10B-14B,2026-03,M1_AutoETS,601.0,1603.694855620502,1002.694855620502,1002.694855620502
SFC-030SA2-10B-14B,2026-03,M2_Croston,601.0,1582.0639855064123,981.0639855064125,981.0639855064125
SFC-030SA2-10B-14B,2026-03,M3_LightGBM,601.0,1331.7466697120665,730.7466697120665,730.7466697120665
BXR-13-20-A-22,2025-10,B1_LastMonth,2970.0,3510.0,540.0,540.0
BXR-13-20-A-22,2025-10,B2_MA3,2970.0,3330.0,360.0,360.0
BXR-13-20-A-22,2025-10,B4_MA6,2970.0,3285.0,315.0,315.0
BXR-13-20-A-22,2025-10,B3_SeasonalNaive,2970.0,3150.0,180.0,180.0
BXR-13-20-A-22,2025-10,M1_AutoETS,2970.0,3151.599152332264,181.5991523322641,181.5991523322641
BXR-13-20-A-22,2025-10,M2_Croston,2970.0,3072.8856173882014,102.88561738820135,102.88561738820135
BXR-13-20-A-22,2025-10,M3_LightGBM,2970.0,3330.0,360.0,360.0
BXR-13-20-A-22,2025-11,B1_LastMonth,4860.0,2970.0,1890.0,-1890.0
BXR-13-20-A-22,2025-11,B2_MA3,4860.0,3510.0,1350.0,-1350.0
BXR-13-20-A-22,2025-11,B4_MA6,4860.0,2835.0,2025.0,-2025.0
BXR-13-20-A-22,2025-11,B3_SeasonalNaive,4860.0,3132.0,1728.0,-1728.0
BXR-13-20-A-22,2025-11,M1_AutoETS,4860.0,3133.5898473430325,1726.4101526569675,-1726.4101526569675
BXR-13-20-A-22,2025-11,M2_Croston,4860.0,3045.8975866907663,1814.1024133092333,-1814.1024133092333
BXR-13-20-A-22,2025-11,M3_LightGBM,4860.0,3240.0,1620.0,-1620.0
BXR-13-20-A-22,2025-12,B1_LastMonth,0.0,4860.0,4860.0,4860.0
BXR-13-20-A-22,2025-12,B2_MA3,0.0,3780.0,3780.0,3780.0
BXR-13-20-A-22,2025-12,B4_MA6,0.0,3240.0,3240.0,3240.0
BXR-13-20-A-22,2025-12,B3_SeasonalNaive,0.0,3289.090909090909,3289.090909090909,3289.090909090909
BXR-13-20-A-22,2025-12,M1_AutoETS,0.0,3285.9273124876404,3285.9273124876404,3285.9273124876404
BXR-13-20-A-22,2025-12,M2_Croston,0.0,3528.547508493475,3528.547508493475,3528.547508493475
BXR-13-20-A-22,2025-12,M3_LightGBM,0.0,3684.42610303402,3684.42610303402,3684.42610303402
BXR-13-20-A-22,2026-01,B1_LastMonth,0.0,0.0,0.0,0.0
BXR-13-20-A-22,2026-01,B2_MA3,0.0,2610.0,2610.0,2610.0
BXR-13-20-A-22,2026-01,B4_MA6,0.0,2970.0,2970.0,2970.0
BXR-13-20-A-22,2026-01,B3_SeasonalNaive,0.0,2160.0,2160.0,2160.0
BXR-13-20-A-22,2026-01,M1_AutoETS,0.0,3013.9191870117606,3013.9191870117606,3013.9191870117606
BXR-13-20-A-22,2026-01,M2_Croston,0.0,3528.547508493475,3528.547508493475,3528.547508493475
BXR-13-20-A-22,2026-01,M3_LightGBM,0.0,3798.239211724599,3798.239211724599,3798.239211724599
BXR-13-20-A-22,2026-02,B1_LastMonth,0.0,0.0,0.0,0.0
BXR-13-20-A-22,2026-02,B2_MA3,0.0,1620.0,1620.0,1620.0
BXR-13-20-A-22,2026-02,B4_MA6,0.0,2565.0,2565.0,2565.0
BXR-13-20-A-22,2026-02,B3_SeasonalNaive,0.0,3240.0,3240.0,3240.0
BXR-13-20-A-22,2026-02,M1_AutoETS,0.0,2785.292410430576,2785.292410430576,2785.292410430576
BXR-13-20-A-22,2026-02,M2_Croston,0.0,3528.547508493475,3528.547508493475,3528.547508493475
BXR-13-20-A-22,2026-02,M3_LightGBM,0.0,3443.566636991955,3443.566636991955,3443.566636991955
BXR-13-20-A-22,2026-03,B1_LastMonth,0.0,0.0,0.0,0.0
BXR-13-20-A-22,2026-03,B2_MA3,0.0,0.0,0.0,0.0
BXR-13-20-A-22,2026-03,B4_MA6,0.0,1890.0,1890.0,1890.0
BXR-13-20-A-22,2026-03,B3_SeasonalNaive,0.0,3240.0,3240.0,3240.0
BXR-13-20-A-22,2026-03,M1_AutoETS,0.0,895.9937169105226,895.9937169105226,895.9937169105226
BXR-13-20-A-22,2026-03,M2_Croston,0.0,3528.547508493475,3528.547508493475,3528.547508493475
BXR-13-20-A-22,2026-03,M3_LightGBM,0.0,590.9259746261446,590.9259746261446,590.9259746261446
CPG-030-T007A,2025-10,M4_GlobalLGBM,0.0,4581.186992156523,4581.186992156523,4581.186992156523
BXR-13-20-A-22,2025-10,M4_GlobalLGBM,2970.0,2416.216516247264,553.7834837527366,-553.7834837527366
SFC-030SA2-10B-14B,2025-10,M4_GlobalLGBM,407.0,1616.9245342897143,1209.9245342897143,1209.9245342897143
CPG-030-T007A,2025-11,M4_GlobalLGBM,6000.0,14203.545899705608,8203.545899705607,8203.545899705607
BXR-13-20-A-22,2025-11,M4_GlobalLGBM,4860.0,2712.443757523105,2147.556242476895,-2147.556242476895
SFC-030SA2-10B-14B,2025-11,M4_GlobalLGBM,1503.0,687.61135156785,815.38864843215,-815.38864843215
CPG-030-T007A,2025-12,M4_GlobalLGBM,12040.0,10949.21305472905,1090.7869452709492,-1090.7869452709492
BXR-13-20-A-22,2025-12,M4_GlobalLGBM,0.0,1954.415936266702,1954.415936266702,1954.415936266702
SFC-030SA2-10B-14B,2025-12,M4_GlobalLGBM,1713.0,0.0,1713.0,-1713.0
CPG-030-T007A,2026-01,M4_GlobalLGBM,12000.0,2482.904200893606,9517.095799106395,-9517.095799106395
BXR-13-20-A-22,2026-01,M4_GlobalLGBM,0.0,4053.8032932858455,4053.8032932858455,4053.8032932858455
SFC-030SA2-10B-14B,2026-01,M4_GlobalLGBM,1150.0,981.2978201878544,168.70217981214546,-168.70217981214546
CPG-030-T007A,2026-02,M4_GlobalLGBM,12000.0,2804.640210708882,9195.359789291118,-9195.359789291118
BXR-13-20-A-22,2026-02,M4_GlobalLGBM,0.0,2110.0348693785613,2110.0348693785613,2110.0348693785613
SFC-030SA2-10B-14B,2026-02,M4_GlobalLGBM,1754.0,841.8533134195744,912.1466865804256,-912.1466865804256
CPG-030-T007A,2026-03,M4_GlobalLGBM,0.0,8860.0354537662,8860.0354537662,8860.0354537662
BXR-13-20-A-22,2026-03,M4_GlobalLGBM,0.0,1953.3461036515955,1953.3461036515955,1953.3461036515955
SFC-030SA2-10B-14B,2026-03,M4_GlobalLGBM,601.0,489.8988364812722,111.1011635187278,-111.1011635187278
CPG-030-T007A,2025-10,M5_GlobalLGBM_v2,0.0,3802.714859285532,3802.714859285532,3802.714859285532
CPG-030-T007B,2025-10,M5_GlobalLGBM_v2,0.0,3802.714859285532,3802.714859285532,3802.714859285532
SFC-030SA2-10B-14B,2025-10,M5_GlobalLGBM_v2,407.0,1594.1292006166916,1187.1292006166916,1187.1292006166916
ALS-030ARN-10BHA-14BHA,2025-10,M5_GlobalLGBM_v2,2776.0,582.2724903491627,2193.7275096508374,-2193.7275096508374
ANTI-NOISE SPRING:XS-08-10-A-20,2025-10,M5_GlobalLGBM_v2,3000.0,2952.0931234391946,47.90687656080536,-47.90687656080536
BXR-09-20-A-22,2025-10,M5_GlobalLGBM_v2,1620.0,0.0,1620.0,-1620.0
CPG-030-T001A,2025-10,M5_GlobalLGBM_v2,0.0,41.450875801695624,41.450875801695624,41.450875801695624
SFC-020SA2-7B-8B,2025-10,M5_GlobalLGBM_v2,1200.0,782.6149589188292,417.3850410811708,-417.3850410811708
BXH-08-10-A-60,2025-10,M5_GlobalLGBM_v2,660.0,440.91956154503816,219.08043845496184,-219.08043845496184
BXH-08-10-A-78G,2025-10,M5_GlobalLGBM_v2,600.0,401.97193756681446,198.02806243318554,-198.02806243318554
E-CF-H-050,2025-10,M5_GlobalLGBM_v2,1152.0,1143.2936406605586,8.706359339441406,-8.706359339441406
BXR-025-10LE-032,2025-10,M5_GlobalLGBM_v2,1010.0,112.04613879336843,897.9538612066316,-897.9538612066316
BXR-09-20-A-32,2025-10,M5_GlobalLGBM_v2,0.0,83.20436125647312,83.20436125647312,83.20436125647312
E-CF-H-110,2025-10,M5_GlobalLGBM_v2,0.0,130.9527849483897,130.9527849483897,130.9527849483897
ALS-065ARN-28BHA-35BHA,2025-10,M5_GlobalLGBM_v2,526.0,873.8061920701126,347.8061920701126,347.8061920701126
BXR-13-20-A-32,2025-10,M5_GlobalLGBM_v2,0.0,83.20436125647312,83.20436125647312,83.20436125647312
SFC-050SA2-T212,2025-10,M5_GlobalLGBM_v2,1020.0,294.386175157875,725.613824842125,-725.613824842125
ALS-040ARN-15BHA-19BHA,2025-10,M5_GlobalLGBM_v2,284.0,294.9811204439198,10.981120443919792,10.981120443919792
SFC-050SA2-T228,2025-10,M5_GlobalLGBM_v2,680.0,207.42642742420333,472.5735725757967,-472.5735725757967
CPG-030-T005B,2025-10,M5_GlobalLGBM_v2,0.0,41.450875801695624,41.450875801695624,41.450875801695624
SFC-080DA2-28B-35B,2025-10,M5_GlobalLGBM_v2,453.0,835.9590308547192,382.95903085471923,382.95903085471923
SFC-050SA2-T229,2025-10,M5_GlobalLGBM_v2,560.0,599.6509015837147,39.6509015837147,39.6509015837147
ALS-065ARN-25BHA-35BHA,2025-10,M5_GlobalLGBM_v2,430.0,192.6503920234616,237.3496079765384,-237.3496079765384
SFC-050SA2-16B-14BC,2025-10,M5_GlobalLGBM_v2,330.0,89.52553150713702,240.47446849286297,-240.47446849286297
SFC-060DA2-28B-35B,2025-10,M5_GlobalLGBM_v2,300.0,141.48240468152326,158.51759531847674,-158.51759531847674
BXW-05-10-54(本体）,2025-10,M5_GlobalLGBM_v2,300.0,128.5862226088331,171.4137773911669,-171.4137773911669
SPACER BOLT CF-A-030-S1-1360-G,2025-10,M5_GlobalLGBM_v2,0.0,413.0587019463901,413.0587019463901,413.0587019463901
E-CF-H-160,2025-10,M5_GlobalLGBM_v2,224.0,341.014100274246,117.014100274246,117.014100274246
BXW-03-10-112,2025-10,M5_GlobalLGBM_v2,0.0,325.0880051510247,325.0880051510247,325.0880051510247
SFC-050SA2-16B-24B,2025-10,M5_GlobalLGBM_v2,102.0,194.88138393563216,92.88138393563216,92.88138393563216
CS-06-33G 24V 12DIN,2025-10,M5_GlobalLGBM_v2,310.0,397.4780781357414,87.47807813574138,87.47807813574138
CF-A-008-O0-1360,2025-10,M5_GlobalLGBM_v2,70.0,349.0231413377987,279.0231413377987,279.0231413377987
SFC-010SA2-6.35B-8B,2025-10,M5_GlobalLGBM_v2,0.0,154.46590816155992,154.46590816155992,154.46590816155992
SFC-040SA2-12B-14B,2025-10,M5_GlobalLGBM_v2,106.0,226.234639755111,120.234639755111,120.234639755111
ALS-020ARN-6BHA-8BHA,2025-10,M5_GlobalLGBM_v2,0.0,117.44700108441559,117.44700108441559,117.44700108441559
SFC-050SA2-16B-11BC,2025-10,M5_GlobalLGBM_v2,220.0,258.5014524223732,38.50145242237318,38.50145242237318
SFC-050SA2-T211,2025-10,M5_GlobalLGBM_v2,560.0,152.83619108118597,407.163808918814,-407.163808918814
SFC-050SA2-18B-19B,2025-10,M5_GlobalLGBM_v2,102.0,109.85042668551284,7.8504266855128435,7.8504266855128435
SFC-035DA2-12B-14B,2025-10,M5_GlobalLGBM_v2,19.0,0.0,19.0,-19.0
SFC-030DA2-10B-14B,2025-10,M5_GlobalLGBM_v2,235.0,275.2811127670874,40.28111276708739,40.28111276708739
BXW-04-10-22,2025-10,M5_GlobalLGBM_v2,300.0,194.9676384612966,105.03236153870341,-105.03236153870341
ALS-040ARN-T014,2025-10,M5_GlobalLGBM_v2,116.0,147.95460261265626,31.95460261265626,31.95460261265626
BXR-035-10LE-062,2025-10,M5_GlobalLGBM_v2,24.0,306.59466976961613,282.59466976961613,282.59466976961613
SPACER BOLT CF-A-090-S1-1360-G,2025-10,M5_GlobalLGBM_v2,108.0,215.88113002783987,107.88113002783987,107.88113002783987
SFC-060DA2-25B-35B,2025-10,M5_GlobalLGBM_v2,0.0,24.968304198257364,24.968304198257364,24.968304198257364
SFC-050SA2-12B-16B,2025-10,M5_GlobalLGBM_v2,226.0,0.0,226.0,-226.0
SFC-040DA2-17B-19B,2025-10,M5_GlobalLGBM_v2,13.0,167.7407574005215,154.7407574005215,154.7407574005215
ALS-040ARN-15BHA-16BHA,2025-10,M5_GlobalLGBM_v2,135.0,265.47764358982926,130.47764358982926,130.47764358982926
SFC-060DA2-24B-25B,2025-10,M5_GlobalLGBM_v2,400.0,59.49797967848872,340.5020203215113,-340.5020203215113
SFC-040DA2-12B-19B,2025-10,M5_GlobalLGBM_v2,229.0,98.0256936785447,130.9743063214553,-130.9743063214553
ALS-055ARN-18BHA-22BHA,2025-10,M5_GlobalLGBM_v2,60.0,229.8277522772658,169.8277522772658,169.8277522772658
SFC-050SA2-17B-19B,2025-10,M5_GlobalLGBM_v2,167.0,202.02132414216305,35.02132414216305,35.02132414216305
ALS-030ARN-8BHA-14BHA,2025-10,M5_GlobalLGBM_v2,193.0,110.16052287715125,82.83947712284875,-82.83947712284875
ALS-030ABN-10BHA-14BHA,2025-10,M5_GlobalLGBM_v2,0.0,111.52791234105221,111.52791234105221,111.52791234105221
ALS-055ARN-20BHA-22BHA,2025-10,M5_GlobalLGBM_v2,282.0,207.39920160526572,74.60079839473428,-74.60079839473428
CPG-030-T007A,2025-11,M5_GlobalLGBM_v2,6000.0,9068.156136723499,3068.156136723499,3068.156136723499
CPG-030-T007B,2025-11,M5_GlobalLGBM_v2,3000.0,9068.156136723499,6068.156136723499,6068.156136723499
SFC-030SA2-10B-14B,2025-11,M5_GlobalLGBM_v2,1503.0,44.91611135187358,1458.0838886481265,-1458.0838886481265
ALS-030ARN-10BHA-14BHA,2025-11,M5_GlobalLGBM_v2,371.0,152.4360892457508,218.5639107542492,-218.5639107542492
ANTI-NOISE SPRING:XS-08-10-A-20,2025-11,M5_GlobalLGBM_v2,3000.0,1764.2314565620377,1235.7685434379623,-1235.7685434379623
BXR-09-20-A-22,2025-11,M5_GlobalLGBM_v2,2160.0,203.9568204215128,1956.0431795784873,-1956.0431795784873
CPG-030-T001A,2025-11,M5_GlobalLGBM_v2,0.0,153.50787258501018,153.50787258501018,153.50787258501018
SFC-020SA2-7B-8B,2025-11,M5_GlobalLGBM_v2,600.0,168.912723069396,431.087276930604,-431.087276930604
BXH-08-10-A-60,2025-11,M5_GlobalLGBM_v2,660.0,830.696237871985,170.69623787198498,170.69623787198498
BXH-08-10-A-78G,2025-11,M5_GlobalLGBM_v2,600.0,1478.51119965517,878.51119965517,878.51119965517
E-CF-H-050,2025-11,M5_GlobalLGBM_v2,384.0,967.5364267812603,583.5364267812603,583.5364267812603
BXR-025-10LE-032,2025-11,M5_GlobalLGBM_v2,707.0,730.0388827510253,23.038882751025312,23.038882751025312
BXR-09-20-A-32,2025-11,M5_GlobalLGBM_v2,0.0,159.56376551831485,159.56376551831485,159.56376551831485
E-CF-H-110,2025-11,M5_GlobalLGBM_v2,544.0,1356.5069321962208,812.5069321962208,812.5069321962208
ALS-065ARN-28BHA-35BHA,2025-11,M5_GlobalLGBM_v2,203.0,434.2155923112334,231.21559231123342,231.21559231123342
BXR-13-20-A-32,2025-11,M5_GlobalLGBM_v2,0.0,159.56376551831485,159.56376551831485,159.56376551831485
SFC-050SA2-T212,2025-11,M5_GlobalLGBM_v2,700.0,141.57464383036188,558.4253561696381,-558.4253561696381
ALS-040ARN-15BHA-19BHA,2025-11,M5_GlobalLGBM_v2,686.0,525.9943942101283,160.00560578987165,-160.00560578987165
SFC-050SA2-T228,2025-11,M5_GlobalLGBM_v2,540.0,390.00209414403133,149.99790585596867,-149.99790585596867
CPG-030-T005B,2025-11,M5_GlobalLGBM_v2,0.0,153.50787258501018,153.50787258501018,153.50787258501018
SFC-080DA2-28B-35B,2025-11,M5_GlobalLGBM_v2,400.0,801.5027873305348,401.50278733053483,401.50278733053483
SFC-050SA2-T229,2025-11,M5_GlobalLGBM_v2,500.0,694.984164316949,194.98416431694898,194.98416431694898
ALS-065ARN-25BHA-35BHA,2025-11,M5_GlobalLGBM_v2,360.0,416.0221236988216,56.02212369882159,56.02212369882159
SFC-050SA2-16B-14BC,2025-11,M5_GlobalLGBM_v2,255.0,465.2521820403074,210.2521820403074,210.2521820403074
SFC-060DA2-28B-35B,2025-11,M5_GlobalLGBM_v2,300.0,344.4905212423264,44.490521242326395,44.490521242326395
BXW-05-10-54(本体）,2025-11,M5_GlobalLGBM_v2,800.0,405.0717346334037,394.9282653665963,-394.9282653665963
SPACER BOLT CF-A-030-S1-1360-G,2025-11,M5_GlobalLGBM_v2,0.0,443.15116514929616,443.15116514929616,443.15116514929616
E-CF-H-160,2025-11,M5_GlobalLGBM_v2,448.0,245.24695838820634,202.75304161179366,-202.75304161179366
BXW-03-10-112,2025-11,M5_GlobalLGBM_v2,450.0,268.8649638969,181.1350361031,-181.1350361031
SFC-050SA2-16B-24B,2025-11,M5_GlobalLGBM_v2,275.0,226.33564084002367,48.66435915997633,-48.66435915997633
CS-06-33G 24V 12DIN,2025-11,M5_GlobalLGBM_v2,0.0,493.2484100583962,493.2484100583962,493.2484100583962
CF-A-008-O0-1360,2025-11,M5_GlobalLGBM_v2,5.0,442.4561212947238,437.4561212947238,437.4561212947238
SFC-010SA2-6.35B-8B,2025-11,M5_GlobalLGBM_v2,400.0,665.3576336258521,265.35763362585215,265.35763362585215
SFC-040SA2-12B-14B,2025-11,M5_GlobalLGBM_v2,429.0,197.58845606006605,231.41154393993395,-231.41154393993395
ALS-020ARN-6BHA-8BHA,2025-11,M5_GlobalLGBM_v2,152.0,54.37178765065469,97.62821234934532,-97.62821234934532
SFC-050SA2-16B-11BC,2025-11,M5_GlobalLGBM_v2,170.0,248.90097143439124,78.90097143439124,78.90097143439124
SFC-050SA2-T211,2025-11,M5_GlobalLGBM_v2,300.0,404.01031971207794,104.01031971207794,104.01031971207794
SFC-050SA2-18B-19B,2025-11,M5_GlobalLGBM_v2,111.0,264.4639264441951,153.46392644419512,153.46392644419512
SFC-035DA2-12B-14B,2025-11,M5_GlobalLGBM_v2,7.0,88.42404594094486,81.42404594094486,81.42404594094486
SFC-030DA2-10B-14B,2025-11,M5_GlobalLGBM_v2,277.0,168.90727073645508,108.09272926354492,-108.09272926354492
BXW-04-10-22,2025-11,M5_GlobalLGBM_v2,300.0,358.6841997986234,58.68419979862341,58.68419979862341
ALS-040ARN-T014,2025-11,M5_GlobalLGBM_v2,94.0,152.1851644686412,58.185164468641204,58.185164468641204
BXR-035-10LE-062,2025-11,M5_GlobalLGBM_v2,30.0,396.3471259687554,366.3471259687554,366.3471259687554
SPACER BOLT CF-A-090-S1-1360-G,2025-11,M5_GlobalLGBM_v2,0.0,146.93526607096675,146.93526607096675,146.93526607096675
SFC-060DA2-25B-35B,2025-11,M5_GlobalLGBM_v2,264.0,87.57858393416112,176.42141606583888,-176.42141606583888
SFC-050SA2-12B-16B,2025-11,M5_GlobalLGBM_v2,150.0,157.15223678539323,7.152236785393228,7.152236785393228
SFC-040DA2-17B-19B,2025-11,M5_GlobalLGBM_v2,14.0,158.49234455341934,144.49234455341934,144.49234455341934
ALS-040ARN-15BHA-16BHA,2025-11,M5_GlobalLGBM_v2,82.0,167.87877165722188,85.87877165722188,85.87877165722188
SFC-060DA2-24B-25B,2025-11,M5_GlobalLGBM_v2,4.0,249.18867043189834,245.18867043189834,245.18867043189834
SFC-040DA2-12B-19B,2025-11,M5_GlobalLGBM_v2,108.0,164.56814423920005,56.56814423920005,56.56814423920005
ALS-055ARN-18BHA-22BHA,2025-11,M5_GlobalLGBM_v2,161.0,151.05812419366504,9.941875806334963,-9.941875806334963
SFC-050SA2-17B-19B,2025-11,M5_GlobalLGBM_v2,84.0,136.80248523986126,52.802485239861255,52.802485239861255
ALS-030ARN-8BHA-14BHA,2025-11,M5_GlobalLGBM_v2,46.0,162.97865756624427,116.97865756624427,116.97865756624427
ALS-030ABN-10BHA-14BHA,2025-11,M5_GlobalLGBM_v2,300.0,111.55984692874551,188.44015307125449,-188.44015307125449
ALS-055ARN-20BHA-22BHA,2025-11,M5_GlobalLGBM_v2,20.0,111.35454410902197,91.35454410902197,91.35454410902197
CPG-030-T007A,2025-12,M5_GlobalLGBM_v2,12040.0,5324.965197679676,6715.034802320324,-6715.034802320324
CPG-030-T007B,2025-12,M5_GlobalLGBM_v2,6020.0,5324.965197679676,695.0348023203242,-695.0348023203242
SFC-030SA2-10B-14B,2025-12,M5_GlobalLGBM_v2,1713.0,102.58100808710641,1610.4189919128935,-1610.4189919128935
ALS-030ARN-10BHA-14BHA,2025-12,M5_GlobalLGBM_v2,326.0,1925.1284439317174,1599.1284439317174,1599.1284439317174
ANTI-NOISE SPRING:XS-08-10-A-20,2025-12,M5_GlobalLGBM_v2,0.0,1890.8799026719337,1890.8799026719337,1890.8799026719337
BXR-09-20-A-22,2025-12,M5_GlobalLGBM_v2,0.0,170.67767339180566,170.67767339180566,170.67767339180566
CPG-030-T001A,2025-12,M5_GlobalLGBM_v2,6000.0,96.72422329510417,5903.275776704896,-5903.275776704896
SFC-020SA2-7B-8B,2025-12,M5_GlobalLGBM_v2,2014.0,613.5271584456067,1400.4728415543932,-1400.4728415543932
BXH-08-10-A-60,2025-12,M5_GlobalLGBM_v2,990.0,701.3509657595366,288.6490342404634,-288.6490342404634
BXH-08-10-A-78G,2025-12,M5_GlobalLGBM_v2,600.0,1056.4623648928175,456.4623648928175,456.4623648928175
E-CF-H-050,2025-12,M5_GlobalLGBM_v2,0.0,1075.8342666258693,1075.8342666258693,1075.8342666258693
BXR-025-10LE-032,2025-12,M5_GlobalLGBM_v2,60.0,809.0144432292259,749.0144432292259,749.0144432292259
BXR-09-20-A-32,2025-12,M5_GlobalLGBM_v2,1080.0,97.60088919672388,982.3991108032761,-982.3991108032761
E-CF-H-110,2025-12,M5_GlobalLGBM_v2,544.0,440.146941222566,103.853058777434,-103.853058777434
ALS-065ARN-28BHA-35BHA,2025-12,M5_GlobalLGBM_v2,763.0,597.611493924988,165.38850607501195,-165.38850607501195
BXR-13-20-A-32,2025-12,M5_GlobalLGBM_v2,1080.0,97.60088919672388,982.3991108032761,-982.3991108032761
SFC-050SA2-T212,2025-12,M5_GlobalLGBM_v2,460.0,469.8995409906326,9.899540990632602,9.899540990632602
ALS-040ARN-15BHA-19BHA,2025-12,M5_GlobalLGBM_v2,0.0,480.164991796149,480.164991796149,480.164991796149
SFC-050SA2-T228,2025-12,M5_GlobalLGBM_v2,480.0,882.7815625091305,402.7815625091305,402.7815625091305
CPG-030-T005B,2025-12,M5_GlobalLGBM_v2,3000.0,96.72422329510417,2903.2757767048956,-2903.2757767048956
SFC-080DA2-28B-35B,2025-12,M5_GlobalLGBM_v2,500.0,529.4644031556666,29.46440315566656,29.46440315566656
SFC-050SA2-T229,2025-12,M5_GlobalLGBM_v2,420.0,630.3229276570065,210.32292765700652,210.32292765700652
ALS-065ARN-25BHA-35BHA,2025-12,M5_GlobalLGBM_v2,304.0,356.75063143482777,52.75063143482777,52.75063143482777
SFC-050SA2-16B-14BC,2025-12,M5_GlobalLGBM_v2,465.0,243.62812882978955,221.37187117021045,-221.37187117021045
SFC-060DA2-28B-35B,2025-12,M5_GlobalLGBM_v2,300.0,380.32606245802253,80.32606245802253,80.32606245802253
BXW-05-10-54(本体）,2025-12,M5_GlobalLGBM_v2,0.0,238.89789654614702,238.89789654614702,238.89789654614702
SPACER BOLT CF-A-030-S1-1360-G,2025-12,M5_GlobalLGBM_v2,0.0,145.136468172847,145.136468172847,145.136468172847
E-CF-H-160,2025-12,M5_GlobalLGBM_v2,448.0,347.29904726912156,100.70095273087844,-100.70095273087844
BXW-03-10-112,2025-12,M5_GlobalLGBM_v2,900.0,235.57231395367913,664.4276860463209,-664.4276860463209
SFC-050SA2-16B-24B,2025-12,M5_GlobalLGBM_v2,725.0,577.1022700911257,147.89772990887434,-147.89772990887434
CS-06-33G 24V 12DIN,2025-12,M5_GlobalLGBM_v2,30.0,357.68682965253095,327.68682965253095,327.68682965253095
CF-A-008-O0-1360,2025-12,M5_GlobalLGBM_v2,300.0,471.6140793009761,171.61407930097607,171.61407930097607
SFC-010SA2-6.35B-8B,2025-12,M5_GlobalLGBM_v2,150.0,173.27090581139996,23.270905811399956,23.270905811399956
SFC-040SA2-12B-14B,2025-12,M5_GlobalLGBM_v2,100.0,338.0856237592818,238.08562375928182,238.08562375928182
ALS-020ARN-6BHA-8BHA,2025-12,M5_GlobalLGBM_v2,280.0,68.31208546353717,211.6879145364628,-211.6879145364628
SFC-050SA2-16B-11BC,2025-12,M5_GlobalLGBM_v2,310.0,296.5931634781149,13.406836521885111,-13.406836521885111
SFC-050SA2-T211,2025-12,M5_GlobalLGBM_v2,200.0,443.99033067253214,243.99033067253214,243.99033067253214
SFC-050SA2-18B-19B,2025-12,M5_GlobalLGBM_v2,102.0,188.31823238975596,86.31823238975596,86.31823238975596
SFC-035DA2-12B-14B,2025-12,M5_GlobalLGBM_v2,19.0,68.10125408795423,49.10125408795423,49.10125408795423
SFC-030DA2-10B-14B,2025-12,M5_GlobalLGBM_v2,291.0,188.31823238975596,102.68176761024404,-102.68176761024404
BXW-04-10-22,2025-12,M5_GlobalLGBM_v2,300.0,118.44015484862422,181.55984515137578,-181.55984515137578
ALS-040ARN-T014,2025-12,M5_GlobalLGBM_v2,105.0,152.6939019422465,47.6939019422465,47.6939019422465
BXR-035-10LE-062,2025-12,M5_GlobalLGBM_v2,6.0,313.98201611093435,307.98201611093435,307.98201611093435
SPACER BOLT CF-A-090-S1-1360-G,2025-12,M5_GlobalLGBM_v2,0.0,136.06430824113022,136.06430824113022,136.06430824113022
SFC-060DA2-25B-35B,2025-12,M5_GlobalLGBM_v2,30.0,124.99731494919435,94.99731494919435,94.99731494919435
SFC-050SA2-12B-16B,2025-12,M5_GlobalLGBM_v2,563.0,195.36229615283727,367.6377038471627,-367.6377038471627
SFC-040DA2-17B-19B,2025-12,M5_GlobalLGBM_v2,173.0,76.24234549109431,96.75765450890569,-96.75765450890569
ALS-040ARN-15BHA-16BHA,2025-12,M5_GlobalLGBM_v2,218.0,188.31823238975596,29.681767610244037,-29.681767610244037
SFC-060DA2-24B-25B,2025-12,M5_GlobalLGBM_v2,10.0,216.1391278700445,206.1391278700445,206.1391278700445
SFC-040DA2-12B-19B,2025-12,M5_GlobalLGBM_v2,310.0,188.31823238975596,121.68176761024404,-121.68176761024404
ALS-055ARN-18BHA-22BHA,2025-12,M5_GlobalLGBM_v2,200.0,336.4819236573002,136.48192365730017,136.48192365730017
SFC-050SA2-17B-19B,2025-12,M5_GlobalLGBM_v2,1.0,236.02862453974282,235.02862453974282,235.02862453974282
ALS-030ARN-8BHA-14BHA,2025-12,M5_GlobalLGBM_v2,112.0,235.68264529406414,123.68264529406414,123.68264529406414
ALS-030ABN-10BHA-14BHA,2025-12,M5_GlobalLGBM_v2,220.0,165.2014861856768,54.7985138143232,-54.7985138143232
ALS-055ARN-20BHA-22BHA,2025-12,M5_GlobalLGBM_v2,20.0,345.35556669817964,325.35556669817964,325.35556669817964
CPG-030-T007A,2026-01,M5_GlobalLGBM_v2,12000.0,2915.20053996849,9084.79946003151,-9084.79946003151
CPG-030-T007B,2026-01,M5_GlobalLGBM_v2,6000.0,2261.929189341704,3738.070810658296,-3738.070810658296
SFC-030SA2-10B-14B,2026-01,M5_GlobalLGBM_v2,1150.0,428.5460425670554,721.4539574329447,-721.4539574329447
ALS-030ARN-10BHA-14BHA,2026-01,M5_GlobalLGBM_v2,1717.0,1465.8892157812043,251.11078421879574,-251.11078421879574
ANTI-NOISE SPRING:XS-08-10-A-20,2026-01,M5_GlobalLGBM_v2,0.0,2579.0970625885416,2579.0970625885416,2579.0970625885416
BXR-09-20-A-22,2026-01,M5_GlobalLGBM_v2,0.0,1595.9093867458112,1595.9093867458112,1595.9093867458112
CPG-030-T001A,2026-01,M5_GlobalLGBM_v2,0.0,1638.6728927832612,1638.6728927832612,1638.6728927832612
SFC-020SA2-7B-8B,2026-01,M5_GlobalLGBM_v2,514.0,638.6230547844182,124.62305478441817,124.62305478441817
BXH-08-10-A-60,2026-01,M5_GlobalLGBM_v2,1320.0,572.7116990288713,747.2883009711287,-747.2883009711287
BXH-08-10-A-78G,2026-01,M5_GlobalLGBM_v2,600.0,677.767959999457,77.76795999945705,77.76795999945705
E-CF-H-050,2026-01,M5_GlobalLGBM_v2,384.0,614.6120901890467,230.61209018904674,230.61209018904674
BXR-025-10LE-032,2026-01,M5_GlobalLGBM_v2,100.0,550.0930349339728,450.09303493397283,450.09303493397283
BXR-09-20-A-32,2026-01,M5_GlobalLGBM_v2,3240.0,140.32428392142003,3099.67571607858,-3099.67571607858
E-CF-H-110,2026-01,M5_GlobalLGBM_v2,542.0,381.16157659323153,160.83842340676847,-160.83842340676847
ALS-065ARN-28BHA-35BHA,2026-01,M5_GlobalLGBM_v2,304.0,530.929875396593,226.92987539659305,226.92987539659305
BXR-13-20-A-32,2026-01,M5_GlobalLGBM_v2,1890.0,140.32428392142003,1749.67571607858,-1749.67571607858
SFC-050SA2-T212,2026-01,M5_GlobalLGBM_v2,620.0,562.5216371427093,57.478362857290676,-57.478362857290676
ALS-040ARN-15BHA-19BHA,2026-01,M5_GlobalLGBM_v2,363.0,334.53358194349215,28.466418056507848,-28.466418056507848
SFC-050SA2-T228,2026-01,M5_GlobalLGBM_v2,480.0,406.18328521146697,73.81671478853303,-73.81671478853303
CPG-030-T005B,2026-01,M5_GlobalLGBM_v2,0.0,749.0944996725242,749.0944996725242,749.0944996725242
SFC-080DA2-28B-35B,2026-01,M5_GlobalLGBM_v2,550.0,386.11158403835395,163.88841596164605,-163.88841596164605
SFC-050SA2-T229,2026-01,M5_GlobalLGBM_v2,360.0,395.4830799462498,35.4830799462498,35.4830799462498
ALS-065ARN-25BHA-35BHA,2026-01,M5_GlobalLGBM_v2,436.0,353.80721448904484,82.19278551095516,-82.19278551095516
SFC-050SA2-16B-14BC,2026-01,M5_GlobalLGBM_v2,240.0,269.8556226475233,29.85562264752332,29.85562264752332
SFC-060DA2-28B-35B,2026-01,M5_GlobalLGBM_v2,300.0,331.54374988153086,31.543749881530857,31.543749881530857
BXW-05-10-54(本体）,2026-01,M5_GlobalLGBM_v2,0.0,419.5375569212285,419.5375569212285,419.5375569212285
SPACER BOLT CF-A-030-S1-1360-G,2026-01,M5_GlobalLGBM_v2,0.0,46.47014392322595,46.47014392322595,46.47014392322595
E-CF-H-160,2026-01,M5_GlobalLGBM_v2,448.0,244.00123082019763,203.99876917980237,-203.99876917980237
BXW-03-10-112,2026-01,M5_GlobalLGBM_v2,0.0,291.0875958541251,291.0875958541251,291.0875958541251
SFC-050SA2-16B-24B,2026-01,M5_GlobalLGBM_v2,202.0,85.40954607577265,116.59045392422735,-116.59045392422735
CS-06-33G 24V 12DIN,2026-01,M5_GlobalLGBM_v2,696.0,88.41051955913531,607.5894804408647,-607.5894804408647
CF-A-008-O0-1360,2026-01,M5_GlobalLGBM_v2,300.0,140.40308505294448,159.59691494705552,-159.59691494705552
SFC-010SA2-6.35B-8B,2026-01,M5_GlobalLGBM_v2,0.0,124.9633454135034,124.9633454135034,124.9633454135034
SFC-040SA2-12B-14B,2026-01,M5_GlobalLGBM_v2,152.0,221.70924650842755,69.70924650842755,69.70924650842755
ALS-020ARN-6BHA-8BHA,2026-01,M5_GlobalLGBM_v2,397.0,42.63799455995805,354.36200544004197,-354.36200544004197
SFC-050SA2-16B-11BC,2026-01,M5_GlobalLGBM_v2,160.0,178.23999039364853,18.239990393648526,18.239990393648526
SFC-050SA2-T211,2026-01,M5_GlobalLGBM_v2,180.0,238.28290381238887,58.28290381238887,58.28290381238887
SFC-050SA2-18B-19B,2026-01,M5_GlobalLGBM_v2,370.0,178.23999039364853,191.76000960635147,-191.76000960635147
SFC-035DA2-12B-14B,2026-01,M5_GlobalLGBM_v2,7.0,115.62486658525464,108.62486658525464,108.62486658525464
SFC-030DA2-10B-14B,2026-01,M5_GlobalLGBM_v2,196.0,198.24117330060514,2.2411733006051406,2.2411733006051406
BXW-04-10-22,2026-01,M5_GlobalLGBM_v2,0.0,281.69052251971624,281.69052251971624,281.69052251971624
ALS-040ARN-T014,2026-01,M5_GlobalLGBM_v2,355.0,171.90965091285446,183.09034908714554,-183.09034908714554
BXR-035-10LE-062,2026-01,M5_GlobalLGBM_v2,479.0,55.84092230897741,423.1590776910226,-423.1590776910226
SPACER BOLT CF-A-090-S1-1360-G,2026-01,M5_GlobalLGBM_v2,0.0,71.60079676745971,71.60079676745971,71.60079676745971
SFC-060DA2-25B-35B,2026-01,M5_GlobalLGBM_v2,200.0,127.26271240520637,72.73728759479363,-72.73728759479363
SFC-050SA2-12B-16B,2026-01,M5_GlobalLGBM_v2,0.0,268.17333063414986,268.17333063414986,268.17333063414986
SFC-040DA2-17B-19B,2026-01,M5_GlobalLGBM_v2,206.0,115.62486658525464,90.37513341474536,-90.37513341474536
ALS-040ARN-15BHA-16BHA,2026-01,M5_GlobalLGBM_v2,231.0,178.23999039364853,52.760009606351474,-52.760009606351474
SFC-060DA2-24B-25B,2026-01,M5_GlobalLGBM_v2,402.0,174.50576169650836,227.49423830349164,-227.49423830349164
SFC-040DA2-12B-19B,2026-01,M5_GlobalLGBM_v2,65.0,171.90965091285446,106.90965091285446,106.90965091285446
ALS-055ARN-18BHA-22BHA,2026-01,M5_GlobalLGBM_v2,301.0,171.90965091285446,129.09034908714554,-129.09034908714554
SFC-050SA2-17B-19B,2026-01,M5_GlobalLGBM_v2,112.0,115.62486658525464,3.6248665852546367,3.6248665852546367
ALS-030ARN-8BHA-14BHA,2026-01,M5_GlobalLGBM_v2,0.0,178.23999039364853,178.23999039364853,178.23999039364853
ALS-030ABN-10BHA-14BHA,2026-01,M5_GlobalLGBM_v2,208.0,36.307655079163986,171.692344920836,-171.692344920836
ALS-055ARN-20BHA-22BHA,2026-01,M5_GlobalLGBM_v2,454.0,168.9856925451105,285.0143074548895,-285.0143074548895
CPG-030-T007A,2026-02,M5_GlobalLGBM_v2,12000.0,7313.136369683997,4686.863630316003,-4686.863630316003
CPG-030-T007B,2026-02,M5_GlobalLGBM_v2,6000.0,3468.4863172850414,2531.5136827149586,-2531.5136827149586
SFC-030SA2-10B-14B,2026-02,M5_GlobalLGBM_v2,1754.0,708.3630691390995,1045.6369308609005,-1045.6369308609005
ALS-030ARN-10BHA-14BHA,2026-02,M5_GlobalLGBM_v2,1427.0,1398.0303051424055,28.969694857594504,-28.969694857594504
ANTI-NOISE SPRING:XS-08-10-A-20,2026-02,M5_GlobalLGBM_v2,0.0,2782.770252003914,2782.770252003914,2782.770252003914
BXR-09-20-A-22,2026-02,M5_GlobalLGBM_v2,0.0,1330.9217367791339,1330.9217367791339,1330.9217367791339
CPG-030-T001A,2026-02,M5_GlobalLGBM_v2,6000.0,2403.4818102100558,3596.5181897899442,-3596.5181897899442
SFC-020SA2-7B-8B,2026-02,M5_GlobalLGBM_v2,393.0,1144.9966830700575,751.9966830700575,751.9966830700575
BXH-08-10-A-60,2026-02,M5_GlobalLGBM_v2,660.0,933.5094561594105,273.50945615941055,273.50945615941055
BXH-08-10-A-78G,2026-02,M5_GlobalLGBM_v2,0.0,661.2566436907742,661.2566436907742,661.2566436907742
E-CF-H-050,2026-02,M5_GlobalLGBM_v2,768.0,850.1941906358393,82.19419063583928,82.19419063583928
BXR-025-10LE-032,2026-02,M5_GlobalLGBM_v2,200.0,307.56086211036285,107.56086211036285,107.56086211036285
BXR-09-20-A-32,2026-02,M5_GlobalLGBM_v2,2160.0,0.0,2160.0,-2160.0
E-CF-H-110,2026-02,M5_GlobalLGBM_v2,546.0,420.1743631699772,125.8256368300228,-125.8256368300228
ALS-065ARN-28BHA-35BHA,2026-02,M5_GlobalLGBM_v2,984.0,485.8014419494266,498.1985580505734,-498.1985580505734
BXR-13-20-A-32,2026-02,M5_GlobalLGBM_v2,2970.0,477.899575561822,2492.100424438178,-2492.100424438178
SFC-050SA2-T212,2026-02,M5_GlobalLGBM_v2,1560.0,520.6483377365139,1039.351662263486,-1039.351662263486
ALS-040ARN-15BHA-19BHA,2026-02,M5_GlobalLGBM_v2,276.0,369.9035893004566,93.90358930045659,93.90358930045659
SFC-050SA2-T228,2026-02,M5_GlobalLGBM_v2,0.0,380.55814121937595,380.55814121937595,380.55814121937595
CPG-030-T005B,2026-02,M5_GlobalLGBM_v2,3000.0,0.0,3000.0,-3000.0
SFC-080DA2-28B-35B,2026-02,M5_GlobalLGBM_v2,251.0,382.8933493639119,131.8933493639119,131.8933493639119
SFC-050SA2-T229,2026-02,M5_GlobalLGBM_v2,0.0,360.5933322405339,360.5933322405339,360.5933322405339
ALS-065ARN-25BHA-35BHA,2026-02,M5_GlobalLGBM_v2,201.0,516.1128429998512,315.1128429998512,315.1128429998512
SFC-050SA2-16B-14BC,2026-02,M5_GlobalLGBM_v2,480.0,312.0654975604976,167.9345024395024,-167.9345024395024
SFC-060DA2-28B-35B,2026-02,M5_GlobalLGBM_v2,0.0,432.78266999955605,432.78266999955605,432.78266999955605
BXW-05-10-54(本体）,2026-02,M5_GlobalLGBM_v2,0.0,349.8983936047984,349.8983936047984,349.8983936047984
SPACER BOLT CF-A-030-S1-1360-G,2026-02,M5_GlobalLGBM_v2,0.0,563.6841902404292,563.6841902404292,563.6841902404292
E-CF-H-160,2026-02,M5_GlobalLGBM_v2,0.0,385.8736739300462,385.8736739300462,385.8736739300462
BXW-03-10-112,2026-02,M5_GlobalLGBM_v2,600.0,421.1712366817801,178.8287633182199,-178.8287633182199
SFC-050SA2-16B-24B,2026-02,M5_GlobalLGBM_v2,325.0,195.85182044496702,129.14817955503298,-129.14817955503298
CS-06-33G 24V 12DIN,2026-02,M5_GlobalLGBM_v2,0.0,242.06290033864144,242.06290033864144,242.06290033864144
CF-A-008-O0-1360,2026-02,M5_GlobalLGBM_v2,300.0,245.14319493880254,54.85680506119746,-54.85680506119746
SFC-010SA2-6.35B-8B,2026-02,M5_GlobalLGBM_v2,350.0,123.21846754789385,226.78153245210615,-226.78153245210615
SFC-040SA2-12B-14B,2026-02,M5_GlobalLGBM_v2,22.0,293.11782831549925,271.11782831549925,271.11782831549925
ALS-020ARN-6BHA-8BHA,2026-02,M5_GlobalLGBM_v2,87.0,193.65624033739678,106.65624033739678,106.65624033739678
SFC-050SA2-16B-11BC,2026-02,M5_GlobalLGBM_v2,320.0,289.9342286659599,30.065771334040107,-30.065771334040107
SFC-050SA2-T211,2026-02,M5_GlobalLGBM_v2,260.0,301.87547443707786,41.875474437077855,41.875474437077855
SFC-050SA2-18B-19B,2026-02,M5_GlobalLGBM_v2,160.0,298.19529670802154,138.19529670802154,138.19529670802154
SFC-035DA2-12B-14B,2026-02,M5_GlobalLGBM_v2,4.0,146.95934111997036,142.95934111997036,142.95934111997036
SFC-030DA2-10B-14B,2026-02,M5_GlobalLGBM_v2,129.0,273.1721902832198,144.17219028321978,144.17219028321978
BXW-04-10-22,2026-02,M5_GlobalLGBM_v2,0.0,362.55190519464765,362.55190519464765,362.55190519464765
ALS-040ARN-T014,2026-02,M5_GlobalLGBM_v2,440.0,260.9514995301922,179.04850046980778,-179.04850046980778
BXR-035-10LE-062,2026-02,M5_GlobalLGBM_v2,100.0,262.44827827283905,162.44827827283905,162.44827827283905
SPACER BOLT CF-A-090-S1-1360-G,2026-02,M5_GlobalLGBM_v2,0.0,111.29684342890087,111.29684342890087,111.29684342890087
SFC-060DA2-25B-35B,2026-02,M5_GlobalLGBM_v2,1.0,248.99495331679014,247.99495331679014,247.99495331679014
SFC-050SA2-12B-16B,2026-02,M5_GlobalLGBM_v2,260.0,122.79628621071328,137.20371378928672,-137.20371378928672
SFC-040DA2-17B-19B,2026-02,M5_GlobalLGBM_v2,158.0,220.6241932490099,62.62419324900989,62.62419324900989
ALS-040ARN-15BHA-16BHA,2026-02,M5_GlobalLGBM_v2,88.0,293.40249205846754,205.40249205846754,205.40249205846754
SFC-060DA2-24B-25B,2026-02,M5_GlobalLGBM_v2,4.0,266.3142664266464,262.3142664266464,262.3142664266464
SFC-040DA2-12B-19B,2026-02,M5_GlobalLGBM_v2,20.0,281.19620419650624,261.19620419650624,261.19620419650624
ALS-055ARN-18BHA-22BHA,2026-02,M5_GlobalLGBM_v2,653.0,275.8025048621847,377.1974951378153,-377.1974951378153
SFC-050SA2-17B-19B,2026-02,M5_GlobalLGBM_v2,203.0,220.6241932490099,17.624193249009892,17.624193249009892
ALS-030ARN-8BHA-14BHA,2026-02,M5_GlobalLGBM_v2,51.0,115.10924327646256,64.10924327646256,64.10924327646256
ALS-030ABN-10BHA-14BHA,2026-02,M5_GlobalLGBM_v2,294.0,180.3506407281259,113.64935927187409,-113.64935927187409
ALS-055ARN-20BHA-22BHA,2026-02,M5_GlobalLGBM_v2,0.0,281.76277854192074,281.76277854192074,281.76277854192074
CPG-030-T007A,2026-03,M5_GlobalLGBM_v2,0.0,8236.423722758243,8236.423722758243,8236.423722758243
CPG-030-T007B,2026-03,M5_GlobalLGBM_v2,0.0,6562.819637970708,6562.819637970708,6562.819637970708
SFC-030SA2-10B-14B,2026-03,M5_GlobalLGBM_v2,601.0,1222.3910720027177,621.3910720027177,621.3910720027177
ALS-030ARN-10BHA-14BHA,2026-03,M5_GlobalLGBM_v2,636.0,728.4538499686504,92.45384996865039,92.45384996865039
ANTI-NOISE SPRING:XS-08-10-A-20,2026-03,M5_GlobalLGBM_v2,0.0,1458.7292327933078,1458.7292327933078,1458.7292327933078
BXR-09-20-A-22,2026-03,M5_GlobalLGBM_v2,0.0,991.813966718045,991.813966718045,991.813966718045
CPG-030-T001A,2026-03,M5_GlobalLGBM_v2,0.0,6357.63826983904,6357.63826983904,6357.63826983904
SFC-020SA2-7B-8B,2026-03,M5_GlobalLGBM_v2,900.0,607.3729305902688,292.62706940973123,-292.62706940973123
BXH-08-10-A-60,2026-03,M5_GlobalLGBM_v2,990.0,851.7205723341559,138.27942766584408,-138.27942766584408
BXH-08-10-A-78G,2026-03,M5_GlobalLGBM_v2,0.0,594.9132110170134,594.9132110170134,594.9132110170134
E-CF-H-050,2026-03,M5_GlobalLGBM_v2,384.0,635.0468580797314,251.04685807973135,251.04685807973135
BXR-025-10LE-032,2026-03,M5_GlobalLGBM_v2,88.0,196.81261975624778,108.81261975624778,108.81261975624778
BXR-09-20-A-32,2026-03,M5_GlobalLGBM_v2,2160.0,983.8600541247483,1176.1399458752517,-1176.1399458752517
E-CF-H-110,2026-03,M5_GlobalLGBM_v2,1088.0,413.17617666688625,674.8238233331138,-674.8238233331138
ALS-065ARN-28BHA-35BHA,2026-03,M5_GlobalLGBM_v2,794.0,571.9881704873129,222.0118295126871,-222.0118295126871
BXR-13-20-A-32,2026-03,M5_GlobalLGBM_v2,2160.0,0.0,2160.0,-2160.0
SFC-050SA2-T212,2026-03,M5_GlobalLGBM_v2,1040.0,1062.2535944241567,22.253594424156745,22.253594424156745
ALS-040ARN-15BHA-19BHA,2026-03,M5_GlobalLGBM_v2,2095.0,292.1562852852501,1802.84371471475,-1802.84371471475
SFC-050SA2-T228,2026-03,M5_GlobalLGBM_v2,480.0,312.1995255389091,167.80047446109091,-167.80047446109091
CPG-030-T005B,2026-03,M5_GlobalLGBM_v2,0.0,241.26169237894112,241.26169237894112,241.26169237894112
SFC-080DA2-28B-35B,2026-03,M5_GlobalLGBM_v2,550.0,355.7698275817842,194.23017241821577,-194.23017241821577
SFC-050SA2-T229,2026-03,M5_GlobalLGBM_v2,340.0,248.8942028717511,91.1057971282489,-91.1057971282489
ALS-065ARN-25BHA-35BHA,2026-03,M5_GlobalLGBM_v2,226.0,248.8942028717511,22.894202871751105,22.894202871751105
SFC-050SA2-16B-14BC,2026-03,M5_GlobalLGBM_v2,0.0,303.5315446952056,303.5315446952056,303.5315446952056
SFC-060DA2-28B-35B,2026-03,M5_GlobalLGBM_v2,300.0,227.90790057424513,72.09209942575487,-72.09209942575487
BXW-05-10-54(本体）,2026-03,M5_GlobalLGBM_v2,600.0,282.40912482963927,317.59087517036073,-317.59087517036073
SPACER BOLT CF-A-030-S1-1360-G,2026-03,M5_GlobalLGBM_v2,100.0,1321.5392911967476,1221.5392911967476,1221.5392911967476
E-CF-H-160,2026-03,M5_GlobalLGBM_v2,224.0,248.8942028717511,24.894202871751105,24.894202871751105
BXW-03-10-112,2026-03,M5_GlobalLGBM_v2,514.0,317.27649038923045,196.72350961076955,-196.72350961076955
SFC-050SA2-16B-24B,2026-03,M5_GlobalLGBM_v2,0.0,303.5315446952056,303.5315446952056,303.5315446952056
CS-06-33G 24V 12DIN,2026-03,M5_GlobalLGBM_v2,0.0,193.51344738933105,193.51344738933105,193.51344738933105
CF-A-008-O0-1360,2026-03,M5_GlobalLGBM_v2,400.0,217.96191719290647,182.03808280709353,-182.03808280709353
SFC-010SA2-6.35B-8B,2026-03,M5_GlobalLGBM_v2,400.0,209.93673694812054,190.06326305187946,-190.06326305187946
SFC-040SA2-12B-14B,2026-03,M5_GlobalLGBM_v2,393.0,196.81261975624778,196.18738024375222,-196.18738024375222
ALS-020ARN-6BHA-8BHA,2026-03,M5_GlobalLGBM_v2,780.0,213.71585560408226,566.2841443959178,-566.2841443959178
SFC-050SA2-16B-11BC,2026-03,M5_GlobalLGBM_v2,240.0,253.1402644605754,13.140264460575395,13.140264460575395
SFC-050SA2-T211,2026-03,M5_GlobalLGBM_v2,700.0,227.90790057424513,472.0920994257549,-472.0920994257549
SFC-050SA2-18B-19B,2026-03,M5_GlobalLGBM_v2,391.0,236.7859561772937,154.2140438227063,-154.2140438227063
SFC-035DA2-12B-14B,2026-03,M5_GlobalLGBM_v2,37.0,227.90790057424513,190.90790057424513,190.90790057424513
SFC-030DA2-10B-14B,2026-03,M5_GlobalLGBM_v2,331.0,227.90790057424513,103.09209942575487,-103.09209942575487
BXW-04-10-22,2026-03,M5_GlobalLGBM_v2,0.0,282.40912482963927,282.40912482963927,282.40912482963927
ALS-040ARN-T014,2026-03,M5_GlobalLGBM_v2,600.0,257.93525361395234,342.06474638604766,-342.06474638604766
BXR-035-10LE-062,2026-03,M5_GlobalLGBM_v2,276.0,193.51344738933105,82.48655261066895,-82.48655261066895
SPACER BOLT CF-A-090-S1-1360-G,2026-03,M5_GlobalLGBM_v2,0.0,729.1121885020875,729.1121885020875,729.1121885020875
SFC-060DA2-25B-35B,2026-03,M5_GlobalLGBM_v2,400.0,196.81261975624778,203.18738024375222,-203.18738024375222
SFC-050SA2-12B-16B,2026-03,M5_GlobalLGBM_v2,341.0,208.9208664507052,132.0791335492948,-132.0791335492948
SFC-040DA2-17B-19B,2026-03,M5_GlobalLGBM_v2,225.0,196.81261975624778,28.187380243752216,-28.187380243752216
ALS-040ARN-15BHA-16BHA,2026-03,M5_GlobalLGBM_v2,160.0,227.90790057424513,67.90790057424513,67.90790057424513
SFC-060DA2-24B-25B,2026-03,M5_GlobalLGBM_v2,10.0,193.51344738933105,183.51344738933105,183.51344738933105
SFC-040DA2-12B-19B,2026-03,M5_GlobalLGBM_v2,112.0,231.99096702391657,119.99096702391657,119.99096702391657
ALS-055ARN-18BHA-22BHA,2026-03,M5_GlobalLGBM_v2,400.0,256.70103617828846,143.29896382171154,-143.29896382171154
SFC-050SA2-17B-19B,2026-03,M5_GlobalLGBM_v2,200.0,196.81261975624778,3.187380243752216,-3.187380243752216
ALS-030ARN-8BHA-14BHA,2026-03,M5_GlobalLGBM_v2,251.0,196.81261975624778,54.187380243752216,-54.187380243752216
ALS-030ABN-10BHA-14BHA,2026-03,M5_GlobalLGBM_v2,150.0,241.03201776611795,91.03201776611795,91.03201776611795
ALS-055ARN-20BHA-22BHA,2026-03,M5_GlobalLGBM_v2,44.0,193.51344738933105,149.51344738933105,149.51344738933105
